星座,No,類似の名前,メインビルドタイプ
おうえん座,1,冷泉錐,正義
おうえん座,2,木野秋,テンション
おうえん座,3,一乃七助,テンション
おうえん座,4,サンダユウ・ミシマ,必殺
おうえん座,5,勝,正義
おうえん座,6,大久保俊生,ラフプレー
おうえん座,7,如月沙理奈,キズナ
おうえん座,8,場寅仕,正義
おうえん座,9,生垣冗,キズナ
おうえん座,10,茂木沙樹都,必殺
おうえん座,11,武方友,ラフプレー
おうえん座,12,栗松鉄平,カウンター
おうえん座,13,初鳥伴三,キズナ
おうえん座,14,向日葵まこと,正義
おうえん座,15,仲間田太助,正義
おうえん座,16,大矢慢太郎,正義
おうえん座,17,熱井羽之,正義
おうえん座,18,平和人,カウンター
おうえん座,19,真田幸夫,正義
おうえん座,20,劉備玄,カウンター
おうえん座,21,伝法平介,ラフプレー
おうえん座,22,仲義人,カウンター
おうえん座,23,太鼓田保,キズナ
おうえん座,24,恵比寿原始,カウンター
おうえん座,25,大黒弘樹,テンション
おうえん座,26,陸奥大吾,必殺
おうえん座,27,登川光,必殺
おうえん座,28,永長千里,テンション
おうえん座,29,博多商次,ラフプレー
おうえん座,30,栃木光,必殺
おうえん座,31,薬原椋人,カウンター
おうえん座,32,愛甲大介,カウンター
おうえん座,33,扇谷享,必殺
おうえん座,34,大福笑介,ラフプレー
おうえん座,35,手崎清矢,テンション
おうえん座,36,湯浅洸,テンション
おうえん座,37,奈良清吾,テンション
おうえん座,38,花村広之,テンション
おうえん座,39,高原竜也,テンション
おうえん座,40,王円弾,ラフプレー
おうえん座,41,柘植成樹,正義
おうえん座,42,緑川定,必殺
おうえん座,43,赤城一斗,テンション
おうえん座,44,海崎清美,カウンター
おうえん座,45,浦片佳彦,カウンター
おうえん座,46,鹿島精児,キズナ
おうえん座,47,岡野一輝,テンション
おうえん座,48,海堂脩平,ラフプレー
おうえん座,49,細田啓介,ラフプレー
おうえん座,50,高岡憲史,必殺
おうえん座,51,正目光一,カウンター
おうえん座,52,古賀獅童,キズナ
おうえん座,53,警固鉄洋,テンション
おうえん座,54,角馬歩,必殺
おうえん座,55,五洋武,テンション
おうえん座,56,藤崎三省,正義
おうえん座,57,大林たかお,カウンター
おうえん座,58,車谷曲男,カウンター
おうえん座,59,吉野大,カウンター
おうえん座,60,請川渡志,キズナ
おうえん座,61,大阪奈央彦,カウンター
おうえん座,62,円堂カノン,必殺
おうえん座,63,少弐暁,カウンター
おうえん座,64,平松銀次,カウンター
おうえん座,65,藤内真弓,正義
おうえん座,66,鉄北園子,正義
おうえん座,67,千原桂花,正義
おうえん座,68,ランス・ロットン,ラフプレー
おうえん座,69,戸羽要,カウンター
おうえん座,70,札野霧正,ラフプレー
おうえん座,71,真田六郎,キズナ
おうえん座,72,蜂須賀忠虎,キズナ
おうえん座,73,霧野蘭丸,キズナ
おうえん座,74,久遠道也,正義
おうえん座,75,僧侶安心,テンション
おうえん座,76,銘慈魔子,ラフプレー
おうえん座,77,我如古柘榴,ラフプレー
おうえん座,78,雷轟レツヤ,必殺
おうえん座,79,市正,正義
おうえん座,80,仁悟,必殺
おうえん座,81,ジャンヌ・ダルク,正義
おうえん座,82,関羽,カウンター
おうえん座,83,ミーア・キャット,ラフプレー
おうえん座,84,糸居幸,テンション
おうえん座,85,灘勝徳,必殺
おうえん座,86,浦池密,ラフプレー
おうえん座,87,三本矢元就,カウンター
おうえん座,88,有海崎玲亜,カウンター
おうえん座,89,安福みちや,テンション
おうえん座,90,野神有,正義
おうえん座,91,アーネスト・チェリーパイ,キズナ
おうえん座,92,家々阿比留,正義
おうえん座,93,島田舞茄,正義
おうえん座,94,椛本靖喜,テンション
おうえん座,95,生花七菜,キズナ
おうえん座,96,華盛笑実里,ラフプレー
おうえん座,97,雛石のえる,キズナ
おうえん座,98,伊座那光次,正義
おうえん座,99,マック・スクライド,キズナ
おうえん座,100,富良民子,正義
おでん座,1,生地釜雄,キズナ
おでん座,2,ゲイリー・リンクス,必殺
おでん座,3,虻山保,カウンター
おでん座,4,伊香保典,ラフプレー
おでん座,5,若鍵玲南,正義
おでん座,6,平田兼,正義
おでん座,7,新竹颯太,テンション
おでん座,8,山根羊,正義
おでん座,9,米山植人,必殺
おでん座,10,雅野麗一,カウンター
おでん座,11,牛尾空也,テンション
おでん座,12,武羅渡牙,ラフプレー
おでん座,13,根津光夫,キズナ
おでん座,14,厚田直,テンション
おでん座,15,三河屋三郎,正義
おでん座,16,臼引十兵衛,必殺
おでん座,17,黒川真夜,テンション
おでん座,18,長崎紀一,テンション
おでん座,19,亜鉛栄,必殺
おでん座,20,野沢公顕,テンション
おでん座,21,寿老仁,ラフプレー
おでん座,22,弥生比奈太,カウンター
おでん座,23,天山吉行,必殺
おでん座,24,静岡久志,ラフプレー
おでん座,25,黄金丸雄,ラフプレー
おでん座,26,与木奏,ラフプレー
おでん座,27,鍋山海人,ラフプレー
おでん座,28,紅伸樹,ラフプレー
おでん座,29,柄崎大吾,必殺
おでん座,30,白菜望彦,テンション
おでん座,31,法蓮草矢,カウンター
おでん座,32,貫地谷紀久,ラフプレー
おでん座,33,風流厘,テンション
おでん座,34,愛媛安春,キズナ
おでん座,35,清涼瑞章,正義
おでん座,36,煎野正秋,テンション
おでん座,37,末武安人,ラフプレー
おでん座,38,四川才介,キズナ
おでん座,39,小出石力丸,テンション
おでん座,40,豆葉有起哉,ラフプレー
おでん座,41,密島隆介,ラフプレー
おでん座,42,鱈見文太,テンション
おでん座,43,茶山充裕,必殺
おでん座,44,酒井敏康,正義
おでん座,45,草部栄一,テンション
おでん座,46,和歌山慶,必殺
おでん座,47,片畑尚,正義
おでん座,48,賀夢健太郎,テンション
おでん座,49,山西浩正,正義
おでん座,50,寿太郎,カウンター
おでん座,51,高城貞人,キズナ
おでん座,52,青森潤,キズナ
おでん座,53,二瓶晶,必殺
おでん座,54,総細建,テンション
おでん座,55,吉岡瞬,ラフプレー
おでん座,56,漁火三省,カウンター
おでん座,57,酒田達士,正義
おでん座,58,比嘉大樹,必殺
おでん座,59,堀口将志,ラフプレー
おでん座,60,牛原蒼甫,キズナ
おでん座,61,永野幸平,ラフプレー
おでん座,62,冷粋翔,テンション
おでん座,63,広瀬芳正,カウンター
おでん座,64,青野穂高,カウンター
おでん座,65,千葉朗人,ラフプレー
おでん座,66,花田誠治,正義
おでん座,67,五十嵐明,ラフプレー
おでん座,68,小幡竜也,キズナ
おでん座,69,戸田雄一郎,必殺
おでん座,70,三重泰輔,ラフプレー
おでん座,71,空野礼文,テンション
おでん座,72,真仮名井承,キズナ
おでん座,73,氷山有起哉,カウンター
おでん座,74,押矢万部,テンション
おでん座,75,円輪豊,キズナ
おでん座,76,若杉洋,ラフプレー
おでん座,77,末久朗,正義
おでん座,78,瑞慶覧礼人,キズナ
おでん座,79,渡具知雅洋,カウンター
おでん座,80,串田香津世,必殺
おでん座,81,知念直輝,正義
おでん座,82,広部悟,正義
おでん座,83,蛸谷紀子,テンション
おでん座,84,副島健人,正義
おでん座,85,及川勝信,ラフプレー
おでん座,86,長坂彰人,カウンター
おでん座,87,岸尚徳,テンション
おでん座,88,木葉伸年,必殺
おでん座,89,田頭友好,正義
おでん座,90,房川小梅,ラフプレー
おでん座,91,井本紗由美,正義
おでん座,92,宮永竜介,キズナ
おでん座,93,越前冬夏,テンション
おでん座,94,綱海条介,テンション
おでん座,95,富岡雪歌,キズナ
おでん座,96,茂野久彦,必殺
おでん座,97,松浦義人,正義
おでん座,98,海川佳典,ラフプレー
おでん座,99,津野軍治,正義
おでん座,100,田野倉安志,正義
おでん座,101,フリオ・アコスタ,キズナ
おでん座,102,浜名刻菓,カウンター
おでん座,103,ファル・ファルーク,カウンター
おでん座,104,マッローネ・ティタニート,テンション
おでん座,105,丹野立彦,必殺
おでん座,106,熱田実,必殺
おでん座,107,黄池善三,テンション
おでん座,108,荒馬克洋,キズナ
おでん座,109,リオネル・クルス,ラフプレー
おでん座,110,国頭貴賀,テンション
おでん座,111,トニー・ストライダス,正義
おでん座,112,ヘルマン・サムエル,キズナ
おでん座,113,ミゲル・アーロン,キズナ
おでん座,114,ディノ・マルディーニ,テンション
おでん座,115,ホアン・ナダル,テンション
おでん座,116,クロード・モロー,テンション
おでん座,117,白雪リンゴ,ラフプレー
おでん座,118,イゴル・フレイレ,テンション
おでん座,119,志村辛太郎,ラフプレー
おでん座,120,西寒田聖平,ラフプレー
おでん座,121,芋川祥幸,正義
おでん座,122,ムラムリ・ザマニ,必殺
おでん座,123,マヌエル・エーヴェルス,正義
おでん座,124,ヒュー・マケバ,カウンター
おでん座,125,曲直瀬倫義,ラフプレー
おでん座,126,クルト・ザベル,キズナ
おでん座,127,黒豆煮,カウンター
おでん座,128,隠津島小綾,キズナ
おでん座,129,高力岐一郎,キズナ
おでん座,130,山菜茜,キズナ
おでん座,131,空野葵,テンション
おでん座,132,瀬戸水鳥,必殺
おでん座,133,深田顎,ラフプレー
おでん座,134,伊本武司,キズナ
おでん座,135,平丹洸,ラフプレー
おでん座,136,空原腹乃介,カウンター
おでん座,137,上須田四郎,ラフプレー
おでん座,138,野谷計一郎,正義
おでん座,139,滑川巳矩児,正義
おでん座,140,河崎銀太,キズナ
おでん座,141,青菜梗一,必殺
おでん座,142,寧山食朗,テンション
おでん座,143,羽貞資重,カウンター
おでん座,144,鉄鍋佳降,テンション
おでん座,145,八家通,キズナ
おでん座,146,若海稚藻,必殺
おでん座,147,タント・タべリーヨ,ラフプレー
おでん座,148,土鍋吉之助,必殺
おでん座,149,南瓜衣留,ラフプレー
おでん座,150,菜花黄名子,テンション
おでん座,151,角燈参人,ラフプレー
おでん座,152,靴作小仁,必殺
おでん座,153,律高品子,テンション
おでん座,154,緋衣満,必殺
おでん座,155,典角韋,ラフプレー
おでん座,156,古池敦毅,ラフプレー
おでん座,157,ウィル・プディング,カウンター
おでん座,158,氷見谷愛蔵,必殺
おでん座,159,真二屋才人,正義
おでん座,160,浦部奈美,カウンター
おでん座,161,木崎里,カウンター
おにぎり座,1,赤坂だるま,正義
おにぎり座,2,サミー・デンプシー,正義
おにぎり座,3,新田ミル,正義
おにぎり座,4,目良緑琉,必殺
おにぎり座,5,太助,テンション
おにぎり座,6,御坊研人,ラフプレー
おにぎり座,7,髪村切斗,正義
おにぎり座,8,朝露音夢,正義
おにぎり座,9,菊池康志,カウンター
おにぎり座,10,如月まこ,カウンター
おにぎり座,11,武方努,正義
おにぎり座,12,池尻陽,カウンター
おにぎり座,13,半田真一,正義
おにぎり座,14,玉川当,テンション
おにぎり座,15,宮城錦,正義
おにぎり座,16,有里労人,ラフプレー
おにぎり座,17,町田禄郎,必殺
おにぎり座,18,西尾信輔,カウンター
おにぎり座,19,大分温夫,ラフプレー
おにぎり座,20,阿賀預利,テンション
おにぎり座,21,徳川康夫,必殺
おにぎり座,22,猫田歩,必殺
おにぎり座,23,柿川実,正義
おにぎり座,24,粉木夢二,ラフプレー
おにぎり座,25,釜戸親生,必殺
おにぎり座,26,新潟越光,正義
おにぎり座,27,軟野翔太,正義
おにぎり座,28,納屋粘,必殺
おにぎり座,29,江古貴生,キズナ
おにぎり座,30,臼田隆太,必殺
おにぎり座,31,三木俊介,正義
おにぎり座,32,小平暖,ラフプレー
おにぎり座,33,特部遂行,カウンター
おにぎり座,34,民山謡,必殺
おにぎり座,35,炭谷達磨,必殺
おにぎり座,36,五山送,ラフプレー
おにぎり座,37,梅崎健大,キズナ
おにぎり座,38,志賀金印,カウンター
おにぎり座,39,横路朋久,必殺
おにぎり座,40,石田宏臣,キズナ
おにぎり座,41,雷門夏未,キズナ
おにぎり座,42,佐々木年秀,カウンター
おにぎり座,43,黒崎一悶侍,必殺
おにぎり座,44,虎浜甲子,カウンター
おにぎり座,45,通天光里,正義
おにぎり座,46,松倉真史,必殺
おにぎり座,47,曽根ちひろ,キズナ
おにぎり座,48,須田理人,テンション
おにぎり座,49,熊谷丈武,キズナ
おにぎり座,50,山本鉄平,正義
おにぎり座,51,田代若葉,必殺
おにぎり座,52,芦田美智久,正義
おにぎり座,53,緑木忠紀,必殺
おにぎり座,54,救世功徳,ラフプレー
おにぎり座,55,横地佳主也,カウンター
おにぎり座,56,大脇和司,カウンター
おにぎり座,57,塙帆志美,ラフプレー
おにぎり座,58,寺下新三郎,正義
おにぎり座,59,福留乙美,キズナ
おにぎり座,60,宮丸誉彦,ラフプレー
おにぎり座,61,明山茂,ラフプレー
おにぎり座,62,石堂修光,必殺
おにぎり座,63,津谷友歩,テンション
おにぎり座,64,財方探二,カウンター
おにぎり座,65,城金光留,必殺
おにぎり座,66,雲酒実花,正義
おにぎり座,67,桜島黒兵衛,必殺
おにぎり座,68,代部多恵,必殺
おにぎり座,69,アマラント・ルビーノ,キズナ
おにぎり座,70,シャイン・ビーチ,正義
おにぎり座,71,アズロ・ザッフィーレ,正義
おにぎり座,72,ビート・スマッシュ,ラフプレー
おにぎり座,73,ネッロ・アーガタ,カウンター
おにぎり座,74,ホン・ドゥユン,カウンター
おにぎり座,75,ジャメル・ジャマドゥ,正義
おにぎり座,76,ラジャブ・イスマイール,必殺
おにぎり座,77,シュリー・プリンストン,キズナ
おにぎり座,78,ビリー・ラピッド,必殺
おにぎり座,79,ディエゴ・オロ,カウンター
おにぎり座,80,ジャンルカ・ザナルディ,カウンター
おにぎり座,81,テッド・ブライアン,ラフプレー
おにぎり座,82,フォルミガ・クレメンス,ラフプレー
おにぎり座,83,マロン・イアン,ラフプレー
おにぎり座,84,ヘッジホッグ,ラフプレー
おにぎり座,85,ユーム・リンジー,ラフプレー
おにぎり座,86,狭野焦一,必殺
おにぎり座,87,一畑幸寿,カウンター
おにぎり座,88,安国寺浩馬,キズナ
おにぎり座,89,紋別翔紘,必殺
おにぎり座,90,エヌエル,カウンター
おにぎり座,91,テンバ・セペング,キズナ
おにぎり座,92,重根泡勢太,必殺
おにぎり座,93,ムゾンゲ・レドワバ,正義
おにぎり座,94,志磨奈恵美,必殺
おにぎり座,95,玄間嬢子,必殺
おにぎり座,96,法界葉香奈,ラフプレー
おにぎり座,97,兵主隊示,必殺
おにぎり座,98,一柳菊渡,必殺
おにぎり座,99,呪念一,正義
おにぎり座,100,陸野俊兵,キズナ
おにぎり座,101,氷井流演,キズナ
おにぎり座,102,唐井中,正義
おにぎり座,103,恋浦初,カウンター
おにぎり座,104,麻生暮人,カウンター
おにぎり座,105,小鳩宏夫,正義
おにぎり座,106,桶川之守,正義
おにぎり座,107,湖沼枠,カウンター
おにぎり座,108,烏丸竹千代,カウンター
おにぎり座,109,河合ミミ,カウンター
おにぎり座,110,大田貫楽美,必殺
おにぎり座,111,飛行志,必殺
おにぎり座,112,小戸炉理沙,ラフプレー
おにぎり座,113,渡貫修司,ラフプレー
おにぎり座,114,里梨杏寿,カウンター
おにぎり座,115,銃二丁持子,正義
おにぎり座,116,萌葉愛香,必殺
おにぎり座,117,臥絵博也,テンション
おにぎり座,118,馬柘植月,正義
おにぎり座,119,衣付数虎,テンション
おにぎり座,120,仁詫村桶家,必殺
おにぎり座,121,勅使河原智恵,ラフプレー
おにぎり座,122,鎖富頼,テンション
おにぎり座,123,仰木田桧,テンション
おにぎり座,124,門久主税,カウンター
おにぎり座,125,白水久里霧,カウンター
おにぎり座,126,巴ビート,テンション
おにぎり座,127,麻臼宙,必殺
おにぎり座,128,膨田まりも,必殺
おにぎり座,129,舛湖ララ,キズナ
おにぎり座,130,舛湖リリ,カウンター
おにぎり座,131,若麻田花梨,テンション
おにぎり座,132,丸井たま,キズナ
おにぎり座,133,松村博伸,テンション
おにぎり座,134,布嵐路矢,正義
おにぎり座,135,獣塚用兵,ラフプレー
おにぎり座,136,佐渡繪里子,必殺
おにぎり座,137,伊達駒砂,テンション
おにぎり座,138,日丸団,正義
おにぎり座,139,円翠ミツオ,ラフプレー
おにぎり座,140,本山元,必殺
おにぎり座,141,唐古鮮屋,カウンター
おにぎり座,142,田貫森矢,正義
おにぎり座,143,作佐小志朗,テンション
おにぎり座,144,白木ピート,正義
おにぎり座,145,黒石ピータ,キズナ
おにぎり座,146,白木ペースケ,カウンター
おにぎり座,147,稲垣礼亜,正義
おにぎり座,148,木下藤吉郎,必殺
おにぎり座,149,カンナ・モッテルモン,必殺
おにぎり座,150,円堂夏未,必殺
おにぎり座,151,前田利家,必殺
おにぎり座,152,チッカ,必殺
おにぎり座,153,エニモ,必殺
おにぎり座,154,ミド,必殺
おにぎり座,155,マビ,カウンター
おにぎり座,156,オルモローネ・イッシ,ラフプレー
おにぎり座,157,石原海紺兎,ラフプレー
おにぎり座,158,メイ・フェアリー,正義
おにぎり座,159,風来歩馬,必殺
おにぎり座,160,アーク・スコッチエッグ,必殺
おにぎり座,161,ハッシュ・シルヴァン,テンション
おにぎり座,162,戸望初幸,カウンター
おにぎり座,163,保平歩,正義
おにぎり座,164,パトリー・アンブロシア,必殺
おにぎり座,165,波多江しずな,カウンター
きょうりゅう座,1,髪丸速人,キズナ
きょうりゅう座,2,ガニメデ,ラフプレー
きょうりゅう座,3,ザゴメル・ザンデ,テンション
きょうりゅう座,4,大門満,カウンター
きょうりゅう座,5,ドラッヘ・ギュンター,ラフプレー
きょうりゅう座,6,児雷也蟇助,キズナ
きょうりゅう座,7,原野徹,ラフプレー
きょうりゅう座,8,獅子王吼,ラフプレー
きょうりゅう座,9,大鷲誠次,テンション
きょうりゅう座,10,猪口兵吾,ラフプレー
きょうりゅう座,11,不乱拳,ラフプレー
きょうりゅう座,12,月村憲一,キズナ
きょうりゅう座,13,大野伝助,ラフプレー
きょうりゅう座,14,土野小太郎,テンション
きょうりゅう座,15,経洛玲州,カウンター
きょうりゅう座,16,阿蘇燃,正義
きょうりゅう座,17,龍野寵児,キズナ
きょうりゅう座,18,霜月直輔,キズナ
きょうりゅう座,19,大鉄茂,必殺
きょうりゅう座,20,天野雨彦,必殺
きょうりゅう座,21,天戸建,ラフプレー
きょうりゅう座,22,鎧護人,キズナ
きょうりゅう座,23,山口洞,必殺
きょうりゅう座,24,張飛益斗,正義
きょうりゅう座,25,牛頭忠太,カウンター
きょうりゅう座,26,芝生夫,正義
きょうりゅう座,27,銭形芳生,ラフプレー
きょうりゅう座,28,菜乃常則,ラフプレー
きょうりゅう座,29,入来徹,キズナ
きょうりゅう座,30,埴輪宇一,テンション
きょうりゅう座,31,戌井太郎,必殺
きょうりゅう座,32,砂皇司,必殺
きょうりゅう座,33,海東衛,カウンター
きょうりゅう座,34,鮫島嵐人,ラフプレー
きょうりゅう座,35,啄木才輔,ラフプレー
きょうりゅう座,36,寺野竜,テンション
きょうりゅう座,37,海渡壮介,正義
きょうりゅう座,38,夜森音夢,テンション
きょうりゅう座,39,太古弘晴,必殺
きょうりゅう座,40,唐松正豪,必殺
きょうりゅう座,41,弱気田静也,ラフプレー
きょうりゅう座,42,掘高才介,必殺
きょうりゅう座,43,満仁亜斗夢,ラフプレー
きょうりゅう座,44,犬神司,テンション
きょうりゅう座,45,小野妹古,正義
きょうりゅう座,46,岩手民和,テンション
きょうりゅう座,47,徳島渓,テンション
きょうりゅう座,48,彫木右京,ラフプレー
きょうりゅう座,49,新谷広司,テンション
きょうりゅう座,50,筏柴槙也,キズナ
きょうりゅう座,51,関口将一,カウンター
きょうりゅう座,52,桑原直巳,必殺
きょうりゅう座,53,道力鉄二,必殺
きょうりゅう座,54,角努,ラフプレー
きょうりゅう座,55,原沢耕司,正義
きょうりゅう座,56,小木徹,ラフプレー
きょうりゅう座,57,根来獅童,カウンター
きょうりゅう座,58,花園精児,必殺
きょうりゅう座,59,橋口慎之介,テンション
きょうりゅう座,60,鋼鉄城,テンション
きょうりゅう座,61,犬原雅之,キズナ
きょうりゅう座,62,ゾーハン,キズナ
きょうりゅう座,63,ゴッカ,ラフプレー
きょうりゅう座,64,郷院猛,カウンター
きょうりゅう座,65,白熊氷司,テンション
きょうりゅう座,66,宇恵野可愛,必殺
きょうりゅう座,67,小埜田領平,必殺
きょうりゅう座,68,新田一久,必殺
きょうりゅう座,69,方岡伸一郎,必殺
きょうりゅう座,70,カシアス・トベラ,ラフプレー
きょうりゅう座,71,ファルカオ・ダシウバ,キズナ
きょうりゅう座,72,フェルミン・サンチェス,カウンター
きょうりゅう座,73,ダイク・ダイナモ,カウンター
きょうりゅう座,74,アレックス・ホーク,正義
きょうりゅう座,75,比路保久,正義
きょうりゅう座,76,ビヨン・カイル,ラフプレー
きょうりゅう座,77,岩木山野生,正義
きょうりゅう座,78,知里神衣,キズナ
きょうりゅう座,79,此所縁,キズナ
きょうりゅう座,80,戸手夢柱,キズナ
きょうりゅう座,81,夏縫櫂,ラフプレー
きょうりゅう座,82,把宇和雨,必殺
きょうりゅう座,83,淀山大良,キズナ
きょうりゅう座,84,飛張益徳,正義
きょうりゅう座,85,大江百鬼,カウンター
きょうりゅう座,86,気多尚浄,必殺
きょうりゅう座,87,怪力挟,正義
きょうりゅう座,88,戸間ホーク,テンション
きょうりゅう座,89,川瀬笑太,カウンター
きょうりゅう座,90,伊曽康基,テンション
きょうりゅう座,91,牡牛羽乱,カウンター
きょうりゅう座,92,那谷元起,テンション
きょうりゅう座,93,義座句布夫,カウンター
きょうりゅう座,94,不動山右膳,カウンター
きょうりゅう座,95,義座火夫良,カウンター
きょうりゅう座,96,安久美天鬼,ラフプレー
きょうりゅう座,97,義座面可浦,キズナ
きょうりゅう座,98,酒呑王鬼,ラフプレー
きょうりゅう座,99,手切童鬼,キズナ
きょうりゅう座,100,温羅城鬼,必殺
きょうりゅう座,101,女木島獄鬼,テンション
きょうりゅう座,102,悟島司炊,カウンター
きょうりゅう座,103,赤尾任太郎,テンション
きょうりゅう座,104,骨継原次,テンション
きょうりゅう座,105,桑原啓,カウンター
きょうりゅう座,106,坂畑機時郎,必殺
きょうりゅう座,107,長船典膳,必殺
きょうりゅう座,108,江島一八,ラフプレー
きょうりゅう座,109,トーブ,正義
きょうりゅう座,110,奥志田和洋,必殺
きょうりゅう座,111,ハドリアヌス,キズナ
きょうりゅう座,112,ヴォルフガング,カウンター
きょうりゅう座,113,キキ・マハラジャ,必殺
きょうりゅう座,114,ケツァルコアトルス,ラフプレー
きょうりゅう座,115,天家のも,ラフプレー
きょうりゅう座,116,レオン・サムス,カウンター
てっこつ座,1,辺見渡,ラフプレー
てっこつ座,2,シンティ・ハンパ,ラフプレー
てっこつ座,3,ネタン,ラフプレー
てっこつ座,4,五郎太,キズナ
てっこつ座,5,ゼンキ,キズナ
てっこつ座,6,石倉輝信,カウンター
てっこつ座,7,信濃望,ラフプレー
てっこつ座,8,蜂須賀シン,カウンター
てっこつ座,9,経目須商,ラフプレー
てっこつ座,10,出右手豊,テンション
てっこつ座,11,無敵英雄,カウンター
てっこつ座,12,咲山修二,テンション
てっこつ座,13,守野優一,カウンター
てっこつ座,14,笠原竜也,カウンター
てっこつ座,15,隼駿介,カウンター
てっこつ座,16,大丸遠,ラフプレー
てっこつ座,17,花庭蒔志,ラフプレー
てっこつ座,18,山椒宇城人,ラフプレー
てっこつ座,19,赤江王星,カウンター
てっこつ座,20,目黒和久,ラフプレー
てっこつ座,21,近井未来,カウンター
てっこつ座,22,派田裕司,ラフプレー
てっこつ座,23,椋尾亮介,ラフプレー
てっこつ座,24,瓜生飾,カウンター
てっこつ座,25,松原浩介,カウンター
てっこつ座,26,田中太郎,カウンター
てっこつ座,27,時枝哲矢,カウンター
てっこつ座,28,蕪木金光,カウンター
てっこつ座,29,海老名安弘,ラフプレー
てっこつ座,30,寺井入道,カウンター
てっこつ座,31,秋田尚也,ラフプレー
てっこつ座,32,岡田孝太郎,ラフプレー
てっこつ座,33,天井遥,ラフプレー
てっこつ座,34,高沢一樹,カウンター
てっこつ座,35,青出伸吾,カウンター
てっこつ座,36,真野有起哉,カウンター
てっこつ座,37,兵庫陽明,ラフプレー
てっこつ座,38,極路大作,カウンター
てっこつ座,39,伊東真一,カウンター
てっこつ座,40,河田健,カウンター
てっこつ座,41,松下祐基,カウンター
てっこつ座,42,小西努,ラフプレー
てっこつ座,43,三村貴嶺,ラフプレー
てっこつ座,44,計良電,ラフプレー
てっこつ座,45,門上捻治,ラフプレー
てっこつ座,46,大道聡一,ラフプレー
てっこつ座,47,宇賀士郎,カウンター
てっこつ座,48,西原裕次郎,カウンター
てっこつ座,49,髪村切斗,ラフプレー
てっこつ座,50,分校進,ラフプレー
てっこつ座,51,源田幸次郎,必殺
てっこつ座,52,居屋真降,ラフプレー
てっこつ座,53,新井田文和,カウンター
てっこつ座,54,花形栄治,ラフプレー
てっこつ座,55,池田秀章,ラフプレー
てっこつ座,56,石橋真也,ラフプレー
てっこつ座,57,蛸田轟大,ラフプレー
てっこつ座,58,路母東二八,カウンター
てっこつ座,59,河口丈裕,カウンター
てっこつ座,60,須加守,カウンター
てっこつ座,61,縁川将大,ラフプレー
てっこつ座,62,浜田一二夫,ラフプレー
てっこつ座,63,中島史寿,カウンター
てっこつ座,64,升山童子,ラフプレー
てっこつ座,65,牧有以子,カウンター
てっこつ座,66,伊奈合歓子,カウンター
てっこつ座,67,志田英佳,ラフプレー
てっこつ座,68,武上勇吉,カウンター
てっこつ座,69,南部比呂文,ラフプレー
てっこつ座,70,キム・ウンヨン,ラフプレー
てっこつ座,71,伊豆寺四葉,ラフプレー
てっこつ座,72,ザック・アブドゥラ,カウンター
てっこつ座,73,種田望都,カウンター
てっこつ座,74,川成富生,カウンター
てっこつ座,75,松谷和穂,カウンター
てっこつ座,76,平本盛道,ラフプレー
てっこつ座,77,青海幸正,ラフプレー
てっこつ座,78,パルド・ベリッロ,ラフプレー
てっこつ座,79,インディゴ・ラズリ,カウンター
てっこつ座,80,スティーブ・ウッドマック,ラフプレー
てっこつ座,81,エステバン・カルロス,カウンター
てっこつ座,82,ジョルジョ・ジャンニーニ,カウンター
てっこつ座,83,マンティス,カウンター
てっこつ座,84,ケビン・ピノ,ラフプレー
てっこつ座,85,エンリコ・オリビエ,カウンター
てっこつ座,86,角頭浩馬,ラフプレー
てっこつ座,87,孫家仲謀,カウンター
てっこつ座,88,有馬詩歩,カウンター
てっこつ座,89,エカデル,カウンター
てっこつ座,90,メフィスト,カウンター
てっこつ座,91,テオドール・ウルリッヒ,カウンター
てっこつ座,92,捨札終,ラフプレー
てっこつ座,93,ピエール・ゴダン,ラフプレー
てっこつ座,94,丹屋使枝,カウンター
てっこつ座,95,田版啓右,カウンター
てっこつ座,96,林藤親貞,ラフプレー
てっこつ座,97,魔法陣,ラフプレー
てっこつ座,98,自由主義,カウンター
てっこつ座,99,黄整凪仁,ラフプレー
てっこつ座,100,十河法一郎,ラフプレー
てっこつ座,101,越賀鉄昂,カウンター
てっこつ座,102,船旗勇斗,ラフプレー
てっこつ座,103,漁火平丸,カウンター
てっこつ座,104,深淵断道,ラフプレー
てっこつ座,105,阿久田川房之佑,ラフプレー
てっこつ座,106,永久童子,カウンター
てっこつ座,107,影山輝,キズナ
てっこつ座,108,奥佐野舞哉,カウンター
てっこつ座,109,正宗五朗,ラフプレー
てっこつ座,110,椎府盗人,ラフプレー
てっこつ座,111,留萌頃彦,ラフプレー
てっこつ座,112,暮内逢馬,カウンター
てっこつ座,113,北厳猛雪,カウンター
てっこつ座,114,征木帝矢,ラフプレー
てっこつ座,115,新木朗,ラフプレー
てっこつ座,116,村崎喜彦,カウンター
てっこつ座,117,辺九津渋柿,ラフプレー
てっこつ座,118,高田阿玖介,ラフプレー
てっこつ座,119,中岡修清,ラフプレー
てっこつ座,120,針立棘,カウンター
てっこつ座,121,上霧夢代,ラフプレー
てっこつ座,122,細目由紀子,カウンター
てっこつ座,123,夕宮咲子,カウンター
てっこつ座,124,巣賀舛緒,ラフプレー
てっこつ座,125,牙山道三,テンション
てっこつ座,126,港浦堅次,ラフプレー
てっこつ座,127,四分一鯖人,ラフプレー
てっこつ座,128,須久江資角,ラフプレー
てっこつ座,129,露布伊夜,ラフプレー
てっこつ座,130,法家顔造,ラフプレー
てっこつ座,131,椎発田利久,ラフプレー
てっこつ座,132,花月塁,カウンター
てっこつ座,133,影赤忍,ラフプレー
てっこつ座,134,七地根留,ラフプレー
てっこつ座,135,斯波維介,ラフプレー
てっこつ座,136,揺蕩しらべ,カウンター
てっこつ座,137,雷轟ラフラ,カウンター
てっこつ座,138,井手原弥咲,ラフプレー
てっこつ座,139,日鳥警吾,カウンター
てっこつ座,140,丸出剛里駄,ラフプレー
てっこつ座,141,火々野爆炎,ラフプレー
てっこつ座,142,範場光蔵,ラフプレー
てっこつ座,143,キューティマスク,カウンター
てっこつ座,144,鷹剣揚一,ラフプレー
てっこつ座,145,朱瑠璃盾臣,カウンター
てっこつ座,146,黄昏修字,ラフプレー
てっこつ座,147,下波全都,カウンター
てっこつ座,148,北上総吉,ラフプレー
てっこつ座,149,荒々木豪,ラフプレー
てっこつ座,150,フィニク,カウンター
てっこつ座,151,百瀬桃吉,ラフプレー
てっこつ座,152,リン・クール,カウンター
てっこつ座,153,デオス,キズナ
てっこつ座,154,ザット,カウンター
てっこつ座,155,ユウチ,カウンター
てっこつ座,156,勒印迷児,ラフプレー
てっこつ座,157,勒印迷児,ラフプレー
てっこつ座,158,レイチェル・ピックルズ,ラフプレー
てっこつ座,159,ハンス・マーマレード,ラフプレー
てっこつ座,160,遼張遠,カウンター
てっこつ座,161,桂木小十郎,ラフプレー
てっこつ座,162,半田真一,カウンター
てっこつ座,163,根深韮実,ラフプレー
てっこつ座,164,ガルシルド・ベイハン,必殺
てっこつ座,165,千宮路大悟,カウンター
てっこつ座,166,ガルシルド・ベイハン,必殺
てっとう座,1,東京,カウンター
てっとう座,2,日影リンダ,カウンター
てっとう座,3,天久和志朗,カウンター
てっとう座,4,エミール・ラザノ,カウンター
てっとう座,5,ゼル,ラフプレー
てっとう座,6,中井陽介,キズナ
てっとう座,7,荒須乱,キズナ
てっとう座,8,黒部立樹,正義
てっとう座,9,芸夢好武,テンション
てっとう座,10,柳生十郎,必殺
てっとう座,11,山郷暴,キズナ
てっとう座,12,御良一輝,正義
てっとう座,13,平良貞,キズナ
てっとう座,14,小荒登,正義
てっとう座,15,浮島一人,正義
てっとう座,16,店街隠典,必殺
てっとう座,17,波田野漣,キズナ
てっとう座,18,阿修羅三夫,カウンター
てっとう座,19,金井満,テンション
てっとう座,20,徳井種延,ラフプレー
てっとう座,21,福士宏行,ラフプレー
てっとう座,22,伊波登,カウンター
てっとう座,23,伊勢隼人,テンション
てっとう座,24,長刀睦人,テンション
てっとう座,25,井頭針次,ラフプレー
てっとう座,26,開川路也,キズナ
てっとう座,27,倉橋大,必殺
てっとう座,28,山梨不二夫,キズナ
てっとう座,29,皿山秀貴,ラフプレー
てっとう座,30,中村夢千代,キズナ
てっとう座,31,竹田合馬,キズナ
てっとう座,32,鳥取雄吾,キズナ
てっとう座,33,西月彦,正義
てっとう座,34,白石輝,正義
てっとう座,35,梅崎健大,必殺
てっとう座,36,日隠影樹,キズナ
てっとう座,37,流周一,カウンター
てっとう座,38,壬生大将,ラフプレー
てっとう座,39,姿田刻,カウンター
てっとう座,40,日色慎之介,テンション
てっとう座,41,栗林明,キズナ
てっとう座,42,加部蒼甫,必殺
てっとう座,43,永田修,キズナ
てっとう座,44,安斎友也,キズナ
てっとう座,45,柱谷守,テンション
てっとう座,46,長山赤彦,必殺
てっとう座,47,角巣英二,テンション
てっとう座,48,市川太衛門,必殺
てっとう座,49,極火務,キズナ
てっとう座,50,束田羽衣音,キズナ
てっとう座,51,仲辻紀元,キズナ
てっとう座,52,主野崇,必殺
てっとう座,53,佐保吾一,キズナ
てっとう座,54,鹿角結衣,ラフプレー
てっとう座,55,常谷直之,キズナ
てっとう座,56,黒田槍道,テンション
てっとう座,57,大門満,カウンター
てっとう座,58,庭山重雄,ラフプレー
てっとう座,59,奥宮宣士,キズナ
てっとう座,60,ニース・ドルフィン,ラフプレー
てっとう座,61,リーフ・ハミルトン,正義
てっとう座,62,ブルース・マーリン,キズナ
てっとう座,63,ホ・チナン,カウンター
てっとう座,64,アレクサンダー・ハウゼン,カウンター
てっとう座,65,フェデリコ・ルビエラ,カウンター
てっとう座,66,レオナルド・アルメイダ,テンション
てっとう座,67,マルコ・マセラッティ,カウンター
てっとう座,68,エディ・ハワード,正義
てっとう座,69,フィリップ・オーウェン,キズナ
てっとう座,70,エドガー・バルチナス,テンション
てっとう座,71,バダップ・スリード,ラフプレー
てっとう座,72,ウイネル,正義
てっとう座,73,ベルゼブ,正義
てっとう座,74,最上翔太郎,カウンター
てっとう座,75,石床広流,ラフプレー
てっとう座,76,飛江田範,キズナ
てっとう座,77,荒垣裂空,必殺
てっとう座,78,伊香具是,カウンター
てっとう座,79,由良風護,キズナ
てっとう座,80,風祭颯,必殺
てっとう座,81,阿志都大斗,テンション
てっとう座,82,寒川申,ラフプレー
てっとう座,83,月野楽太,テンション
てっとう座,84,油田削,キズナ
てっとう座,85,紫頭隼太,キズナ
てっとう座,86,海神永基,必殺
てっとう座,87,志和信沖,カウンター
てっとう座,88,久能山茂貞,ラフプレー
てっとう座,89,剣持勇,キズナ
てっとう座,90,冷泉力人,ラフプレー
てっとう座,91,香宮邦貴,キズナ
てっとう座,92,現井俊一,ラフプレー
てっとう座,93,青梅健一郎,カウンター
てっとう座,94,木庭利徳,正義
てっとう座,95,月見秀穂,テンション
てっとう座,96,白咲克也,テンション
てっとう座,97,武水住太郎,ラフプレー
てっとう座,98,竹陸章輔,キズナ
てっとう座,99,降川来多留,正義
てっとう座,100,茶羅オサム,キズナ
てっとう座,101,白樺弓,必殺
てっとう座,102,半戸海瑠,カウンター
てっとう座,103,津久葉天太,テンション
てっとう座,104,石田歳仁,必殺
てっとう座,105,丹羽長秀,テンション
てっとう座,106,アスレイ・ルーン,必殺
てっとう座,107,ギムス,キズナ
てっとう座,108,レイ・ルク,必殺
てっとう座,109,ラ・イール,必殺
てっとう座,110,無敵護人,カウンター
てっとう座,111,楽進謙,ラフプレー
てっとう座,112,趙龍雲,テンション
てっとう座,113,エディ・バーランド,正義
てっとう座,114,マルティノ・レオーネ,カウンター
てっとう座,115,冠城エリザ,必殺
てっとう座,116,朝靄清,テンション
てっとう座,117,巣ノ守蜜,キズナ
てっとう座,118,カイ,カウンター
てっとう座,119,梵そよぎ,カウンター
てっとう座,120,稲積石楼,正義
てっとう座,121,睦井辰ノ介,キズナ
てっとう座,122,キム・チフン,キズナ
てっぺん座,1,肘井靖洋,キズナ
てっぺん座,2,忍田歳三,カウンター
てっぺん座,3,三三十一六三,正義
てっぺん座,4,砂場木一刀,テンション
てっぺん座,5,風烈隼光,キズナ
てっぺん座,6,十字導昭,キズナ
てっぺん座,7,器島改太,テンション
てっぺん座,8,淡島空,カウンター
てっぺん座,9,伏木動矢,正義
てっぺん座,10,大文字文人,カウンター
てっぺん座,11,風向拓斗,必殺
てっぺん座,12,卯月一,正義
てっぺん座,13,竜巻渡,キズナ
てっぺん座,14,調半次,カウンター
てっぺん座,15,遊佐紺平,カウンター
てっぺん座,16,木内努,キズナ
てっぺん座,17,幹田重人,ラフプレー
てっぺん座,18,貨平健,必殺
てっぺん座,19,陸山望晴,必殺
てっぺん座,20,村木拓馬,ラフプレー
てっぺん座,21,英嶋新士,ラフプレー
てっぺん座,22,投輪絡,正義
てっぺん座,23,仁村和史,カウンター
てっぺん座,24,駒形要志,テンション
てっぺん座,25,浜田二三男,ラフプレー
てっぺん座,26,執行美紀,ラフプレー
てっぺん座,27,西脇星来,必殺
てっぺん座,28,斉田将光,正義
てっぺん座,29,靴作小仁,ラフプレー
てっぺん座,30,土井純香,正義
てっぺん座,31,伊木永太,キズナ
てっぺん座,32,衣羽亜恵花,テンション
てっぺん座,33,富貴礼一郎,テンション
てっぺん座,34,小航噴流,必殺
てっぺん座,35,四気筒,必殺
てっぺん座,36,川勾才斗,ラフプレー
てっぺん座,37,タラモ・タラワ,テンション
てっぺん座,38,夏鳴耳雄,ラフプレー
てっぺん座,39,張馬浮起,カウンター
てっぺん座,40,石黄英世,カウンター
てっぺん座,41,緑翠玉,ラフプレー
てっぺん座,42,常磐壱時,テンション
てっぺん座,43,瀬尾川八,テンション
てっぺん座,44,出高団平,キズナ
てっぺん座,45,辺都度阪堂,カウンター
とっくんノート座,1,五条勝,キズナ
とっくんノート座,2,位家路主,キズナ
とっくんノート座,3,安室幹生,必殺
とっくんノート座,4,フランツ・プジョル,カウンター
とっくんノート座,5,牛島誠次,テンション
とっくんノート座,6,風丸一郎太,正義
とっくんノート座,7,熱斗探李,カウンター
とっくんノート座,8,酒田達士,カウンター
とっくんノート座,9,女川映日,正義
とっくんノート座,10,小塚勇介,テンション
とっくんノート座,11,英山海人,正義
とっくんノート座,12,座敷童,必殺
とっくんノート座,13,日々原納,必殺
とっくんノート座,14,灰島啓二,テンション
とっくんノート座,15,空野ルイ,ラフプレー
とっくんノート座,16,下川原卓,テンション
とっくんノート座,17,遠鳴走市,正義
とっくんノート座,18,ジジ・ブラージ,テンション
とっくんノート座,19,アビゴール,ラフプレー
とっくんノート座,20,牧里水樹,テンション
とっくんノート座,21,歩須藤一,ラフプレー
とっくんノート座,22,金石剛助,カウンター
とっくんノート座,23,昔野折波,カウンター
とっくんノート座,24,ゴウズ,正義
とっくんノート座,25,小喬姫,必殺
とっくんノート座,26,寺田涼,テンション
とっくんノート座,27,バンナ,ラフプレー
とっくんノート座,28,夢想飛助,カウンター
とっくんノート座,29,徐静林平,必殺
とっくんノート座,30,禅堂寺誠,必殺
とっくんノート座,31,宗森秀年,キズナ
とっくんノート座,32,ベリアル,必殺
とっくんノート座,33,ベント・ガリアーノ,正義
とっくんノート座,34,文月育緒,ラフプレー
とっくんノート座,35,久遠冬花,カウンター
とっくんノート座,36,目深宗司,正義
とっくんノート座,37,守久要,ラフプレー
とっくんノート座,38,鳩山永人,カウンター
とっくんノート座,39,貼野哲郎,ラフプレー
とっくんノート座,40,北垣亮太,ラフプレー
とっくんノート座,41,筆山トメ,必殺
とっくんノート座,42,光宗団,ラフプレー
とっくんノート座,43,百地三太,キズナ
とっくんノート座,44,荒井川熊巳,正義
とっくんノート座,45,影野仁,正義
とっくんノート座,46,杉森威,カウンター
とっくんノート座,47,万丈一道,正義
とっくんノート座,48,高坂仁,正義
とっくんノート座,49,段堂正憲,テンション
とっくんノート座,50,山上扶樹,テンション
とっくんノート座,51,蝶野真宇,キズナ
とっくんノート座,52,綿矢針次,正義
とっくんノート座,53,吹越一徳,必殺
とっくんノート座,54,吉野大,ラフプレー
とっくんノート座,55,森越易之,キズナ
とっくんノート座,56,福見観邑,必殺
とっくんノート座,57,ハルファン・ジブリール,ラフプレー
とっくんノート座,58,バーグレ・アントニオ,カウンター
とっくんノート座,59,伊矢部敏志,キズナ
とっくんノート座,60,前鳥信太郎,カウンター
とっくんノート座,61,典河論也,正義
とっくんノート座,62,雷轟キリカ,キズナ
とっくんノート座,63,ハムス,カウンター
とっくんノート座,64,監獄岩家,ラフプレー
とっくんノート座,65,杵月待路,カウンター
とっくんノート座,66,ベリー・カーペンター,ラフプレー
とっくんノート座,67,ウッズ,正義
とっくんノート座,68,雷轟ロクロ,ラフプレー
とっくんノート座,69,旋巻也,正義
とっくんノート座,70,藻宮解,キズナ
とっくんノート座,71,手水研二,必殺
とっくんノート座,72,野辺沢領汰,カウンター
とっくんノート座,73,ファン・ウミャン,キズナ
とっくんノート座,74,スパイダー,必殺
とっくんノート座,75,加治間水蓮,正義
とっくんノート座,76,親泊永星,テンション
とっくんノート座,77,鉄山啓作,キズナ
とっくんノート座,78,福島初志,ラフプレー
とっくんノート座,79,陽炎千晶,必殺
とっくんノート座,80,有海直央,ラフプレー
とっくんノート座,81,石井清気,キズナ
とっくんノート座,82,巨島祐一,テンション
とっくんノート座,83,城戸弥門,キズナ
とっくんノート座,84,弘山誘,必殺
とっくんノート座,85,兵藤雄平,正義
とっくんノート座,86,稲田則,ラフプレー
とっくんノート座,87,鉈十三,ラフプレー
とっくんノート座,88,芹沢和憲,正義
とっくんノート座,89,阿保露光,正義
とっくんノート座,90,高杉晋太郎,キズナ
とっくんノート座,91,姫島極,正義
とっくんノート座,92,加賀裕太,テンション
とっくんノート座,93,伯林独,正義
とっくんノート座,94,雪舟水墨,ラフプレー
とっくんノート座,95,中尾祇晶,テンション
とっくんノート座,96,コ・ソンファン,正義
とっくんノート座,97,中登邦三,必殺
とっくんノート座,98,ビヨン・カイル,キズナ
とっくんノート座,99,佐喜幸夫,ラフプレー
とっくんノート座,100,雷豪光斗,必殺
とっくんノート座,101,中崎庸,キズナ
とっくんノート座,102,弾打推進,必殺
とっくんノート座,103,雷轟レンカ,キズナ
とっくんノート座,104,久遠冬花,カウンター
とっくんノート座,105,宝禄礼無,キズナ
とっくんノート座,106,矢嶋陽介,必殺
とっくんノート座,107,マッチョス,テンション
とっくんノート座,108,権田岩子,キズナ
とっくんノート座,109,藤木立彦,正義
とっくんノート座,110,皆機戸富威,必殺
とっくんノート座,111,蒲石常興,ラフプレー
とっくんノート座,112,ジョニー・ガスコイン,テンション
とっくんノート座,113,ラッジ・パアラ,ラフプレー
とっくんノート座,114,谷之浦和彦,必殺
とっくんノート座,115,桂菊生,ラフプレー
とっくんノート座,116,古川友,ラフプレー
とっくんノート座,117,曹操,必殺
とっくんノート座,118,末野紅,ラフプレー
とっくんノート座,119,紫電戒,キズナ
とっくんノート座,120,手魚激,キズナ
とっくんノート座,121,向山恭吾,正義
とっくんノート座,122,大鉄茂,キズナ
とっくんノート座,123,三途渡,正義
とっくんノート座,124,真下乏,テンション
とっくんノート座,125,柳田しげる,キズナ
とっくんノート座,126,水淵無,正義
とっくんノート座,127,黒野時夫,必殺
とっくんノート座,128,福井咲平,テンション
とっくんノート座,129,堤広司,必殺
とっくんノート座,130,土方歳,正義
とっくんノート座,131,裁原正義,必殺
とっくんノート座,132,勝又一輝,必殺
とっくんノート座,133,沖縄清志,ラフプレー
とっくんノート座,134,羅本昭二,必殺
とっくんノート座,135,世田妙美,正義
とっくんノート座,136,トルステン・ベルガー,カウンター
とっくんノート座,137,エルナン・テベス,ラフプレー
とっくんノート座,138,藤田純友,ラフプレー
とっくんノート座,139,邦口左近,必殺
とっくんノート座,140,楓野小道,カウンター
とっくんノート座,141,ストロウ,必殺
とっくんノート座,142,軽部目貞,ラフプレー
とっくんノート座,143,神永アイ,テンション
とっくんノート座,144,氏木神酒丸,テンション
とっくんノート座,145,オードリー・コーエン,テンション
とっくんノート座,146,麻竺ジャン,テンション
とっくんノート座,147,大水群二洋,カウンター
とっくんノート座,148,朽田紅十郎,必殺
とっくんノート座,149,山本勘太,カウンター
とっくんノート座,150,アスカ・ドモン,テンション
とっくんノート座,151,ハインリヒ・フリッツ,正義
とっくんノート座,152,鹿毛姫呪理,カウンター
とっくんノート座,153,美球丈雄,テンション
とっくんノート座,154,山内兼久,カウンター
とっくんノート座,155,建森解,テンション
とっくんノート座,156,神野啓司,ラフプレー
とっくんノート座,157,矢地伊久夫,キズナ
とっくんノート座,158,石崎満,テンション
とっくんノート座,159,富士地洋,ラフプレー
とっくんノート座,160,宗像大翔,正義
とっくんノート座,161,声模索太,カウンター
とっくんノート座,162,魚住拓人,キズナ
まなびや座,1,梵天哲士,必殺
まなびや座,2,氷上烈斗,テンション
まなびや座,3,門間省吾,ラフプレー
まなびや座,4,セルヒオ・ペレス,必殺
まなびや座,5,敦賀望,ラフプレー
まなびや座,6,国木田俳人,カウンター
まなびや座,7,立野誠一,テンション
まなびや座,8,衛士展也,正義
まなびや座,9,鉢屋也三郎,キズナ
まなびや座,10,線路鉄雄,ラフプレー
まなびや座,11,木内努,必殺
まなびや座,12,八墓祟,カウンター
まなびや座,13,黒上呪,キズナ
まなびや座,14,東昇,正義
まなびや座,15,伊能忠,キズナ
まなびや座,16,津曲勉,ラフプレー
まなびや座,17,横浜英二,キズナ
まなびや座,18,明智光,カウンター
まなびや座,19,間宮林三,キズナ
まなびや座,20,金沢努,必殺
まなびや座,21,床尾宗次,ラフプレー
まなびや座,22,二宮金次,カウンター
まなびや座,23,畳田和夫,必殺
まなびや座,24,宮崎太陽,カウンター
まなびや座,25,由馬グレイ,カウンター
まなびや座,26,長門司,テンション
まなびや座,27,派鶴解斗,ラフプレー
まなびや座,28,菊丸一休,キズナ
まなびや座,29,上杉謙吾,ラフプレー
まなびや座,30,川崎大志郎,テンション
まなびや座,31,安功守之,カウンター
まなびや座,32,辰己検,カウンター
まなびや座,33,文殊紀一,必殺
まなびや座,34,杉山敬次郎,ラフプレー
まなびや座,35,榊原努,テンション
まなびや座,36,化野実,必殺
まなびや座,37,仲泉遊,必殺
まなびや座,38,小林操,ラフプレー
まなびや座,39,生田字郎,正義
まなびや座,40,栄田養士,カウンター
まなびや座,41,姫宮雅美,テンション
まなびや座,42,島根神,正義
まなびや座,43,茨城渉,テンション
まなびや座,44,訳嶋英樹,必殺
まなびや座,45,古式博嗣,正義
まなびや座,46,名鏡拓夢,キズナ
まなびや座,47,古屋延,カウンター
まなびや座,48,定岡堅,テンション
まなびや座,49,石原高史,ラフプレー
まなびや座,50,大江戸結,必殺
まなびや座,51,京都倭一,正義
まなびや座,52,小池暦,必殺
まなびや座,53,筑紫国光,テンション
まなびや座,54,外山大樹,必殺
まなびや座,55,学舎一筋,カウンター
まなびや座,56,五重学,カウンター
まなびや座,57,五稜武揚,必殺
まなびや座,58,上条時生,テンション
まなびや座,59,雪野星也,テンション
まなびや座,60,西谷研二,テンション
まなびや座,61,中館ヒロ,キズナ
まなびや座,62,浅水祥次,必殺
まなびや座,63,喜屋武梨花,カウンター
まなびや座,64,赤渕敬次郎,テンション
まなびや座,65,奥泉平,テンション
まなびや座,66,須和文章,カウンター
まなびや座,67,大月修作,キズナ
まなびや座,68,祖母井博実,キズナ
まなびや座,69,正津弘也,カウンター
まなびや座,70,石毛良仁,必殺
まなびや座,71,中里貴,テンション
まなびや座,72,持丸光四郎,正義
まなびや座,73,門岡秀悟,テンション
まなびや座,74,河高敬作,テンション
まなびや座,75,臼木由香里,ラフプレー
まなびや座,76,輪島俊則,必殺
まなびや座,77,古市猛斗,必殺
まなびや座,78,谷木圭介,ラフプレー
まなびや座,79,貝塚桂次,ラフプレー
まなびや座,80,飯谷泰司,テンション
まなびや座,81,益川弥瑞生,カウンター
まなびや座,82,佐竹正二,カウンター
まなびや座,83,足立悦雄,テンション
まなびや座,84,クラーク・ケイン,ラフプレー
まなびや座,85,蓮台文宗,必殺
まなびや座,86,ペーター・ニムケ,カウンター
まなびや座,87,グラーシャ,キズナ
まなびや座,88,ミケル・ペレイロ,キズナ
まなびや座,89,ルーカ・シュミット,必殺
まなびや座,90,アンドレ・パンゾ,カウンター
まなびや座,91,ケラルド・ナバル,必殺
まなびや座,92,スライ・スライマーン,カウンター
まなびや座,93,デービッド・バッキンガム,カウンター
まなびや座,94,菱拓夢,必殺
まなびや座,95,小御門結理,テンション
まなびや座,96,曹孟徳,カウンター
まなびや座,97,細石京介,ラフプレー
まなびや座,98,荘田子休,必殺
まなびや座,99,安富文章,カウンター
まなびや座,100,造船郁海,正義
まなびや座,101,諸丘孔明,必殺
まなびや座,102,銀杯尚央,正義
まなびや座,103,安宅樹希,ラフプレー
まなびや座,104,識名波門,正義
まなびや座,105,天穂康沖,必殺
まなびや座,106,塩釜勇造,必殺
まなびや座,107,志賀海邦花,ラフプレー
まなびや座,108,宇倍寛明,正義
まなびや座,109,大覚夜市,ラフプレー
まなびや座,110,丸目礼紘,必殺
まなびや座,111,須佐史杏,カウンター
まなびや座,112,法師三蔵,テンション
まなびや座,113,海図導,カウンター
まなびや座,114,論具船和,キズナ
まなびや座,115,須磨力之介,正義
まなびや座,116,水瓶佐多流,ラフプレー
まなびや座,117,五色潤,カウンター
まなびや座,118,宇喜多邦陽,ラフプレー
まなびや座,119,王鹿角,カウンター
まなびや座,120,河宮幸多,カウンター
まなびや座,121,折尾三保志,ラフプレー
まなびや座,122,宇美岸燕太郎,ラフプレー
まなびや座,123,本多大蔵,キズナ
まなびや座,124,江府一,正義
まなびや座,125,青山俊介,テンション
まなびや座,126,樹田木蓮,キズナ
まなびや座,127,芦矢昇,テンション
まなびや座,128,茅原恵智,カウンター
まなびや座,129,分流陰陽,必殺
まなびや座,130,久仁統,キズナ
まなびや座,131,四乃又晴海,カウンター
まなびや座,132,波玖佳一,テンション
まなびや座,133,阿笘勇夫,カウンター
まなびや座,134,砂嶺高兵,正義
まなびや座,135,台家敏男,必殺
まなびや座,136,前島衛子,キズナ
まなびや座,137,鶴坂成隆,必殺
まなびや座,138,原洞受信,必殺
まなびや座,139,犬火久仁津,ラフプレー
まなびや座,140,科額修,テンション
まなびや座,141,千斗瑠偉,ラフプレー
まなびや座,142,小河波一茶,必殺
まなびや座,143,質上蒼,カウンター
まなびや座,144,磯切着十,キズナ
まなびや座,145,魅良純,キズナ
まなびや座,146,黒戸今日子,テンション
まなびや座,147,正村宗江,必殺
まなびや座,148,ミスタ,正義
まなびや座,149,良家過胡,正義
まなびや座,150,山目幸雄,キズナ
まなびや座,151,ライナ・ホウ,キズナ
まなびや座,152,元部鳴カコ,カウンター
まなびや座,153,堀鱈寿亭無,カウンター
まなびや座,154,エリック・エンドルフィン,ラフプレー
まなびや座,155,ナージェ,必殺
まなびや座,156,メイア,正義
まなびや座,157,ギリス,テンション
まなびや座,158,六呂田常世,カウンター
まなびや座,159,乃々森絵麻,正義
まなびや座,160,証条閃果,必殺
まなびや座,161,等田率未,ラフプレー
ゆうじょう座,1,安芸玲須,キズナ
ゆうじょう座,2,水森竜也,キズナ
ゆうじょう座,3,カズヤ・イチノセ,テンション
ゆうじょう座,4,雷轟ボルト,キズナ
ゆうじょう座,5,雷轟ラウド,キズナ
ゆうじょう座,6,伊賀栗之助,キズナ
ゆうじょう座,7,毛利元気,キズナ
ゆうじょう座,8,黄田嵐,キズナ
ゆうじょう座,9,前田剛,キズナ
ゆうじょう座,10,執刀直,キズナ
ゆうじょう座,11,藤丸啓,キズナ
ゆうじょう座,12,炭野詠輔,キズナ
ゆうじょう座,13,写楽庄司,キズナ
ゆうじょう座,14,秋水貴之,キズナ
ゆうじょう座,15,布村触,キズナ
ゆうじょう座,16,袋崎拓路,キズナ
ゆうじょう座,17,吉野大,キズナ
ゆうじょう座,18,森石松,キズナ
ゆうじょう座,19,藤原道長,キズナ
ゆうじょう座,20,卓野球太,キズナ
ゆうじょう座,21,百舌晶人,キズナ
ゆうじょう座,22,大井川剛,キズナ
ゆうじょう座,23,毘沙門海里,キズナ
ゆうじょう座,24,刑部楠生,キズナ
ゆうじょう座,25,樋川幹太,キズナ
ゆうじょう座,26,青葉清吾,キズナ
ゆうじょう座,27,葱野刻,キズナ
ゆうじょう座,28,織田信央,キズナ
ゆうじょう座,29,手出作郎,キズナ
ゆうじょう座,30,大石良雄,キズナ
ゆうじょう座,31,清原光良,キズナ
ゆうじょう座,32,子鹿森也,キズナ
ゆうじょう座,33,荒川浩正,キズナ
ゆうじょう座,34,今川義基,キズナ
ゆうじょう座,35,土門飛鳥,テンション
ゆうじょう座,36,岡山太朗,キズナ
ゆうじょう座,37,帆市輝明,キズナ
ゆうじょう座,38,一之瀬一哉,キズナ
ゆうじょう座,39,騎藤瞬士,キズナ
ゆうじょう座,40,橘フミヤ,キズナ
ゆうじょう座,41,松林躍,キズナ
ゆうじょう座,42,羽縞勇太,キズナ
ゆうじょう座,43,飯田公一,キズナ
ゆうじょう座,44,天王寺万里,キズナ
ゆうじょう座,45,矢吹為男,キズナ
ゆうじょう座,46,堀江文一,キズナ
ゆうじょう座,47,村上栄里子,キズナ
ゆうじょう座,48,深村慎太郎,キズナ
ゆうじょう座,49,阿部島格郎,キズナ
ゆうじょう座,50,青木将海,キズナ
ゆうじょう座,51,日根次郎,キズナ
ゆうじょう座,52,丸山里咲,キズナ
ゆうじょう座,53,正岡利春,キズナ
ゆうじょう座,54,多村志奈美,キズナ
ゆうじょう座,55,亀石久朋,キズナ
ゆうじょう座,56,亀野幻児,キズナ
ゆうじょう座,57,ムサ・サイラー,キズナ
ゆうじょう座,58,ホリー・サマーズ,キズナ
ゆうじょう座,59,フィディオ・アルデナ,テンション
ゆうじょう座,60,レイザ,キズナ
ゆうじょう座,61,綺羅光門彦,キズナ
ゆうじょう座,62,ジニス・ジンキンス,キズナ
ゆうじょう座,63,ジェイク・ファナ,キズナ
ゆうじょう座,64,アバリ・マリンガ,キズナ
ゆうじょう座,65,マッコール・キサッラ,キズナ
ゆうじょう座,66,スコーピオ,キズナ
ゆうじょう座,67,ラウデリーノ・サストレ,キズナ
ゆうじょう座,68,仮面即,キズナ
ゆうじょう座,69,ウルソ・ノゲイラ,キズナ
ゆうじょう座,70,浅利大樹郎,キズナ
ゆうじょう座,71,刺枝雪将,キズナ
ゆうじょう座,72,麻美伊衣子,キズナ
ゆうじょう座,73,乱闘争,キズナ
ゆうじょう座,74,正義真実,キズナ
ゆうじょう座,75,枢布レックス,キズナ
ゆうじょう座,76,知能測,キズナ
ゆうじょう座,77,竹中半蔵,キズナ
ゆうじょう座,78,射月冬馬,キズナ
ゆうじょう座,79,知多剛,キズナ
ゆうじょう座,80,極見誠真,キズナ
ゆうじょう座,81,草壁才介,キズナ
ゆうじょう座,82,武闘拳,キズナ
ゆうじょう座,83,貴崎勇二,キズナ
ゆうじょう座,84,大木玉則,キズナ
ゆうじょう座,85,滝快彦,キズナ
ゆうじょう座,86,呉井雄大,キズナ
ゆうじょう座,87,瀬嶺数豊,キズナ
ゆうじょう座,88,穂積信平,キズナ
ゆうじょう座,89,銀座宮章,キズナ
ゆうじょう座,90,梅尾鈴人,キズナ
ゆうじょう座,91,元乃剛,キズナ
ゆうじょう座,92,令鳴司道,キズナ
ゆうじょう座,93,冷風結子,キズナ
ゆうじょう座,94,阿里恵多,キズナ
ゆうじょう座,95,子安田黒丸,キズナ
ゆうじょう座,96,会唐盗彦,キズナ
ゆうじょう座,97,釜田熱至,キズナ
ゆうじょう座,98,室居秀和,キズナ
ゆうじょう座,99,原田定蔭,キズナ
ゆうじょう座,100,台風坂巻雄,キズナ
ゆうじょう座,101,立嶋縦透,キズナ
ゆうじょう座,102,鉄塚面次郎,キズナ
ゆうじょう座,103,張館緊汐,キズナ
ゆうじょう座,104,神代美夕,キズナ
ゆうじょう座,105,繰夢赤頭巾,キズナ
ゆうじょう座,106,雷轟リンカ,キズナ
ゆうじょう座,107,猛火盛燃,キズナ
ゆうじょう座,108,辺亜修瑠,キズナ
ゆうじょう座,109,空高もも,キズナ
ゆうじょう座,110,横島みゅう,キズナ
ゆうじょう座,111,高琴歪留,キズナ
ゆうじょう座,112,蛇神文号,キズナ
ゆうじょう座,113,布部天功,キズナ
ゆうじょう座,114,溶永豪岩,キズナ
ゆうじょう座,115,マント,キズナ
ゆうじょう座,116,弁財天心,キズナ
ゆうじょう座,117,伊野八太郎,キズナ
ゆうじょう座,118,木見丈藍須,キズナ
ゆうじょう座,119,連山濱人,キズナ
ゆうじょう座,120,鉄野ケルビン,キズナ
ゆうじょう座,121,青野浩二,キズナ
ゆうじょう座,122,ハザード・レード,キズナ
ゆうじょう座,123,ペコ,キズナ
ゆうじょう座,124,西新柚葉,キズナ
ゆうじょう座,125,佐波未鈴,キズナ
ゆうじょう座,126,鳳仙蘭香,キズナ
ゆうじょう座,127,須賀見彩好凪,キズナ
ゆうじょう座,128,洗峰清子,キズナ
ゆうじょう座,129,ドリサイト鷹津路,キズナ
ゆうじょう座,130,零栖烈士,キズナ
ゆうじょう座,131,種鞠ほろか,キズナ
ゆうじょう座,132,ブチ,キズナ
ゆうじょう座,133,積盛宇麻里,キズナ
ゆうじょう座,134,八嶋仁一朗,キズナ
ゆうじょう座,135,北平雨竜,キズナ
ゆうじょう座,136,朱鞠ほろか,キズナ
ゆうじょう座,137,文影チノ,キズナ
らーめん座,1,出前洋,テンション
らーめん座,2,響木正剛,ラフプレー
らーめん座,3,浜野海士,キズナ
らーめん座,4,アイエル,キズナ
らーめん座,5,獅子丸,必殺
らーめん座,6,会田力,キズナ
らーめん座,7,兜角雄,正義
らーめん座,8,響木正剛,必殺
らーめん座,9,野馬運,キズナ
らーめん座,10,大玉好美,カウンター
らーめん座,11,出浦清盛,テンション
らーめん座,12,育井庄児,必殺
らーめん座,13,平生仁,必殺
らーめん座,14,赤川翼,キズナ
らーめん座,15,楠木昌成,正義
らーめん座,16,地蔵久夢,カウンター
らーめん座,17,近辺十馬,テンション
らーめん座,18,国定忠次郎,正義
らーめん座,19,仏良夫,キズナ
らーめん座,20,相原談,カウンター
らーめん座,21,小椋晋也,必殺
らーめん座,22,関羽長人,カウンター
らーめん座,23,飛田玲二,キズナ
らーめん座,24,印旛鑑次,テンション
らーめん座,25,雪山岳治,キズナ
らーめん座,26,窪田護,カウンター
らーめん座,27,革嶋磨,カウンター
らーめん座,28,香川明央,正義
らーめん座,29,寺本豊,ラフプレー
らーめん座,30,韓信潜,正義
らーめん座,31,北条新九郎,キズナ
らーめん座,32,岩佐洋介,カウンター
らーめん座,33,北海道伸,必殺
らーめん座,34,孫吾乱,正義
らーめん座,35,新見主税,正義
らーめん座,36,市松竜也,テンション
らーめん座,37,大岡善,ラフプレー
らーめん座,38,新川夏姫,キズナ
らーめん座,39,守谷稔,必殺
らーめん座,40,長浜細道,ラフプレー
らーめん座,41,綱海条介,正義
らーめん座,42,垣田大将,キズナ
らーめん座,43,祭利田我暑衣,カウンター
らーめん座,44,粉川悦,キズナ
らーめん座,45,細径塁,テンション
らーめん座,46,浜夏天衣,ラフプレー
らーめん座,47,荒場憲章,ラフプレー
らーめん座,48,安刻真男,テンション
らーめん座,49,好桃妃,カウンター
らーめん座,50,飛鷹征矢,必殺
らーめん座,51,猪苗代阿子,テンション
らーめん座,52,助高誉士,必殺
らーめん座,53,居将左右衛門,正義
らーめん座,54,緑曲安也,カウンター
らーめん座,55,蒼月希観,必殺
らーめん座,56,古民幸子,テンション
らーめん座,57,三国太一,キズナ
らーめん座,58,真住火朗志,必殺
らーめん座,59,長束牧人,テンション
らーめん座,60,鎧守騎,必殺
らーめん座,61,門脇椎穂,正義
らーめん座,62,多民集,カウンター
らーめん座,63,黒石ペリオ,カウンター
らーめん座,64,黒石パント,正義
らーめん座,65,張飛,必殺
らーめん座,66,スマイル,キズナ
らーめん座,67,花林杏子,キズナ
らーめん座,68,坂本龍馬,正義
らーめん座,69,戸鉢憲明,キズナ
らーめん座,70,手衣良琉花,必殺
らーめん座,71,代々日やえ,正義
らーめん座,72,姪浜陽気,必殺
らーめん座,73,参募コウキ,テンション
らーめん座,74,静河和男,キズナ
らーめん座,75,古手打七南,必殺
らーめん座,76,片見桔梗,必殺
らーめん座,77,青田春美,キズナ
らーめん座,78,楠里歌万呂,キズナ
らーめん座,79,大東領也,正義
らーめん座,80,湯元月見,カウンター
らーめん座,81,ピグ,テンション
らーめん座,82,神橋末造,正義
らーめん座,83,近藤啓士,必殺
らーめん座,84,じーさん,正義
りゅうせい座,1,猿田登,ラフプレー
りゅうせい座,2,勝喜快翔,キズナ
りゅうせい座,3,ニクラス・カスター,必殺
りゅうせい座,4,速吹烈風,キズナ
りゅうせい座,5,風乃葉丹,テンション
りゅうせい座,6,槍野育生,正義
りゅうせい座,7,団土弾,正義
りゅうせい座,8,速水真刃,必殺
りゅうせい座,9,興津蒼空,正義
りゅうせい座,10,加藤段,カウンター
りゅうせい座,11,跳山段,キズナ
りゅうせい座,12,猿飛佐之助,ラフプレー
りゅうせい座,13,鎌井達夫,必殺
りゅうせい座,14,霊幻道久,テンション
りゅうせい座,15,鳴門潮,必殺
りゅうせい座,16,源義雄,ラフプレー
りゅうせい座,17,彦牽牛,カウンター
りゅうせい座,18,占部智人,テンション
りゅうせい座,19,彗星槙矢,キズナ
りゅうせい座,20,星見透馬,カウンター
りゅうせい座,21,岩永鉱介,ラフプレー
りゅうせい座,22,赤道直元,ラフプレー
りゅうせい座,23,稲子芳信,キズナ
りゅうせい座,24,蛍原鉄洋,カウンター
りゅうせい座,25,弥勒知,必殺
りゅうせい座,26,雲野久斗,カウンター
りゅうせい座,27,雀野京平,正義
りゅうせい座,28,安倍晴昭,キズナ
りゅうせい座,29,幸田大吉,ラフプレー
りゅうせい座,30,夕霧爽也,キズナ
りゅうせい座,31,天川光博,ラフプレー
りゅうせい座,32,菅野周,カウンター
りゅうせい座,33,影田巡,カウンター
りゅうせい座,34,古坂荘六,カウンター
りゅうせい座,35,鳥山忠晴,カウンター
りゅうせい座,36,野崎利洋,キズナ
りゅうせい座,37,星読カウカ,ラフプレー
りゅうせい座,38,豊見山世津,正義
りゅうせい座,39,天星悠真,必殺
りゅうせい座,40,夏焼雅,キズナ
りゅうせい座,41,アラクネス,ラフプレー
りゅうせい座,42,須藤茉麻,キズナ
りゅうせい座,43,熊井友理奈,キズナ
りゅうせい座,44,基山ヒロト,カウンター
りゅうせい座,45,属性賀疾風,カウンター
りゅうせい座,46,真庭健人,キズナ
りゅうせい座,47,森川源太,ラフプレー
りゅうせい座,48,一筆早徒,キズナ
りゅうせい座,49,山音実里,キズナ
りゅうせい座,50,読矢聡,必殺
りゅうせい座,51,銅原帝人,カウンター
りゅうせい座,52,飛豆崇利,必殺
りゅうせい座,53,阿藤嵐,カウンター
りゅうせい座,54,葦河迅兵,テンション
りゅうせい座,55,判目才人,テンション
りゅうせい座,56,山部師臣,テンション
りゅうせい座,57,雷同アカリ,キズナ
りゅうせい座,58,三彼志大哉,ラフプレー
りゅうせい座,59,軌堂衛里世,必殺
りゅうせい座,60,八田跳介,必殺
りゅうせい座,61,又野猫美,ラフプレー
りゅうせい座,62,鹿知央介,必殺
りゅうせい座,63,槍崎由自,正義
りゅうせい座,64,駆乗活基,テンション
りゅうせい座,65,内成海児,正義
りゅうせい座,66,ワン・モンモン,カウンター
りゅうせい座,67,糸島花彦,カウンター
りゅうせい座,68,我道毘沙丸,カウンター
りゅうせい座,69,イ・ジンソン,キズナ
りゅうせい座,70,遊馬一紗,テンション
りゅうせい座,71,熊森ねねみ,ラフプレー
りゅうせい座,72,伊賀島仙一,必殺
りゅうせい座,73,御雷迅矢,正義
りゅうせい座,74,忠道風貴,正義
イナビカリ座,1,円谷未知,必殺
イナビカリ座,2,枝木早樹,必殺
イナビカリ座,3,緑川リュウジ,キズナ
イナビカリ座,4,中岡慎太郎,テンション
イナビカリ座,5,ベノム・ブラグ,テンション
イナビカリ座,6,碇頑五郎,テンション
イナビカリ座,7,長谷部精児,必殺
イナビカリ座,8,亜風炉照美,必殺
イナビカリ座,9,霧隠才次,必殺
イナビカリ座,10,西垣守,カウンター
イナビカリ座,11,判竹夫,必殺
イナビカリ座,12,不死祀,テンション
イナビカリ座,13,松野空介,テンション
イナビカリ座,14,聖徳泰治,必殺
イナビカリ座,15,三国賢士,テンション
イナビカリ座,16,明井評吾,必殺
イナビカリ座,17,湧口鉄馬,テンション
イナビカリ座,18,宇枝歴人,テンション
イナビカリ座,19,河伯童子,テンション
イナビカリ座,20,折田造,必殺
イナビカリ座,21,合方調,テンション
イナビカリ座,22,伊集院満,必殺
イナビカリ座,23,虹野克,テンション
イナビカリ座,24,蛸田轟大,テンション
イナビカリ座,25,江幡葉,必殺
イナビカリ座,26,上月邦宏,テンション
イナビカリ座,27,鯨山広,必殺
イナビカリ座,28,大根成弥,必殺
イナビカリ座,29,阿久鋭矢,テンション
イナビカリ座,30,針辻大五郎,必殺
イナビカリ座,31,縄代亮,テンション
イナビカリ座,32,オフ斎藤,テンション
イナビカリ座,33,大場充則,テンション
イナビカリ座,34,大高光洋,テンション
イナビカリ座,35,梶原朝夫,テンション
イナビカリ座,36,声野亮介,必殺
イナビカリ座,37,塗谷貞哉,テンション
イナビカリ座,38,沖ノ島宗,必殺
イナビカリ座,39,笹本慎二,テンション
イナビカリ座,40,太宰梅吉,テンション
イナビカリ座,41,場寅仕,必殺
イナビカリ座,42,悟里開,テンション
イナビカリ座,43,自亜米佳,必殺
イナビカリ座,44,島袋誠治,テンション
イナビカリ座,45,沢村瞬,テンション
イナビカリ座,46,山崎咲音,テンション
イナビカリ座,47,大出アキ,必殺
イナビカリ座,48,竹中敏晃,テンション
イナビカリ座,49,下矢仁美,テンション
イナビカリ座,50,水沼志帆,必殺
イナビカリ座,51,内藤有人,テンション
イナビカリ座,52,広岡千早花,テンション
イナビカリ座,53,高田心菜,テンション
イナビカリ座,54,藤枝布花,テンション
イナビカリ座,55,秀宝滋弥,必殺
イナビカリ座,56,相山尚美,テンション
イナビカリ座,57,釘谷久,必殺
イナビカリ座,58,畑山有,テンション
イナビカリ座,59,吉川基史,必殺
イナビカリ座,60,作世秀光,テンション
イナビカリ座,61,松村綺依,必殺
イナビカリ座,62,波留竜之介,テンション
イナビカリ座,63,双瀬萌未,テンション
イナビカリ座,64,須和文章,必殺
イナビカリ座,65,山流邦夫,テンション
イナビカリ座,66,高世保奈美,テンション
イナビカリ座,67,笠山走,必殺
イナビカリ座,68,欧後欽介,テンション
イナビカリ座,69,我王剛鉄,テンション
イナビカリ座,70,ラッティモ・オパーレ,必殺
イナビカリ座,71,ホルヘ・オルテガ,テンション
イナビカリ座,72,パク・ペクヨン,テンション
イナビカリ座,73,クライブ・シザース,テンション
イナビカリ座,74,チョ・ジョンス,テンション
イナビカリ座,75,吉良瞳子,必殺
イナビカリ座,76,緑川リュウジ,キズナ
イナビカリ座,77,宇奈本義一,必殺
イナビカリ座,78,ロブ・パーカー,必殺
イナビカリ座,79,リカルド・アグエロ,テンション
イナビカリ座,80,グリロ・サントス,テンション
イナビカリ座,81,ラガルート・カルロス,テンション
イナビカリ座,82,クロウ,必殺
イナビカリ座,83,ジャッカル,必殺
イナビカリ座,84,ケーン・サイトー,必殺
イナビカリ座,85,コヨーテ,テンション
イナビカリ座,86,伴足命,テンション
イナビカリ座,87,山札始,必殺
イナビカリ座,88,ディンガ・フィグラン,テンション
イナビカリ座,89,ムブレロ・ツィンバ,テンション
イナビカリ座,90,ヤン・オルデノ,テンション
イナビカリ座,91,マキシミリアン・ミラツ,必殺
イナビカリ座,92,スキッド・ウー,テンション
イナビカリ座,93,イサーク・セサル,テンション
イナビカリ座,94,エルフェル,テンション
イナビカリ座,95,棍健斗,必殺
イナビカリ座,96,多治順風,必殺
イナビカリ座,97,忌部啓司郎,テンション
イナビカリ座,98,彫之内敬晴,テンション
イナビカリ座,99,穴沢希多留,テンション
イナビカリ座,100,杣有基,必殺
イナビカリ座,101,乳井和華子,テンション
イナビカリ座,102,相良幹聖,必殺
イナビカリ座,103,封地縛,テンション
イナビカリ座,104,天駆流智也,テンション
イナビカリ座,105,石津宗雅,テンション
イナビカリ座,106,石作秋兼,テンション
イナビカリ座,107,破我力,必殺
イナビカリ座,108,方違恵武,必殺
イナビカリ座,109,錦織維子,テンション
イナビカリ座,110,桃山我聞,テンション
イナビカリ座,111,南条房斗,テンション
イナビカリ座,112,毒島兼真,必殺
イナビカリ座,113,晴井水成,テンション
イナビカリ座,114,村上軍記,テンション
イナビカリ座,115,月島景秀,テンション
イナビカリ座,116,宝亀竜平,テンション
イナビカリ座,117,華花原蝶子,テンション
イナビカリ座,118,石川神兵,テンション
イナビカリ座,119,染谷伝統,テンション
イナビカリ座,120,相模俊彦,テンション
イナビカリ座,121,府老明貞,テンション
イナビカリ座,122,五ノ神栄治,必殺
イナビカリ座,123,虚木実美,テンション
イナビカリ座,124,古戸冥次,テンション
イナビカリ座,125,二角孝男,テンション
イナビカリ座,126,小津野役,必殺
イナビカリ座,127,照灯君善,テンション
イナビカリ座,128,久流間歯振,テンション
イナビカリ座,129,大賀美音男,テンション
イナビカリ座,130,駆茂,テンション
イナビカリ座,131,境長音久,テンション
イナビカリ座,132,額鉢菅夫,テンション
イナビカリ座,133,外川近之助,テンション
イナビカリ座,134,堂波天継,テンション
イナビカリ座,135,志荷賀実人,テンション
イナビカリ座,136,芦賀唯嘉,必殺
イナビカリ座,137,礼野静,必殺
イナビカリ座,138,巴ジータ,テンション
イナビカリ座,139,鈴林凛々,テンション
イナビカリ座,140,雷轟レント,テンション
イナビカリ座,141,三場りお,テンション
イナビカリ座,142,小野田裂夫,テンション
イナビカリ座,143,鎖田分,必殺
イナビカリ座,144,知念小石,テンション
イナビカリ座,145,月読三日,必殺
イナビカリ座,146,割戸謙信,テンション
イナビカリ座,147,麻布良一,テンション
イナビカリ座,148,雷同メイコ,必殺
イナビカリ座,149,千代木希,テンション
イナビカリ座,150,フェッタ,テンション
イナビカリ座,151,デッキ,テンション
イナビカリ座,152,シープ,テンション
イナビカリ座,153,稲葉大安,必殺
イナビカリ座,154,エンギル,必殺
イナビカリ座,155,ドリル,テンション
イナビカリ座,156,沖田総司,テンション
イナビカリ座,157,ジャン・カトー,必殺
イナビカリ座,158,馬場クリム,テンション
イナビカリ座,159,ウルル・アパ,必殺
イナビカリ座,160,ウルル・アパ,必殺
イナビカリ座,161,シモン・クルール,必殺
イナビカリ座,162,太布里杏,テンション
イナビカリ座,163,夏元惇,テンション
イナビカリ座,164,久世麻更,必殺
イナビカリ座,165,高森潜蔵,テンション
イナビカリ座,166,紅菊,テンション
イナビカリ座,167,Ｃグマ,テンション
イナビカリ座,168,リラ・サンク,必殺
イナビカリ座,169,照井眠宮,テンション
エイリア座,1,ギグ,必殺
エイリア座,2,ファドラ,キズナ
エイリア座,3,ウルビダ,テンション
エイリア座,4,染岡竜吾,テンション
エイリア座,5,バーン,必殺
エイリア座,6,ガゼル,必殺
エイリア座,7,リオーネ,テンション
エイリア座,8,ヒート,キズナ
エイリア座,9,ドロル,ラフプレー
エイリア座,10,クララ,カウンター
エイリア座,11,グレント,必殺
エイリア座,12,バーラ,必殺
エイリア座,13,ゴルレオ,キズナ
エイリア座,14,ネッパー,ラフプレー
エイリア座,15,コラル,キズナ
エイリア座,16,パンドラ,カウンター
エイリア座,17,カロン,必殺
エイリア座,18,グリンゴ,正義
エイリア座,19,リーム,テンション
エイリア座,20,イオ,カウンター
エイリア座,21,タイタン,テンション
エイリア座,22,クリプト,テンション
エイリア座,23,モール,キズナ
エイリア座,24,ケイソン,正義
エイリア座,25,デザーム,テンション
エイリア座,26,ケンビル,ラフプレー
エイリア座,27,レーゼ,カウンター
エイリア座,28,ディアム,ラフプレー
エイリア座,29,マキュア,カウンター
エイリア座,30,スオーム,必殺
エイリア座,31,ゼル,ラフプレー
エイリア座,32,メトロン,テンション
エイリア座,33,ネロ,キズナ
エイリア座,34,キーブ,テンション
エイリア座,35,ハウザー,正義
エイリア座,36,ゲイル,必殺
エイリア座,37,サトス,テンション
エイリア座,38,レアン,カウンター
エイリア座,39,レーゼ,キズナ
エイリア座,40,ウィーズ,必殺
エイリア座,41,グラン,キズナ
エイリア座,42,クィール,キズナ
エイリア座,43,オーグ,テンション
エイリア座,44,ボニトナ,カウンター
エイリア座,45,コーマ,ラフプレー
エイリア座,46,サイデン,テンション
エイリア座,47,アイキュー,テンション
エイリア座,48,ベルガ,キズナ
エイリア座,49,バレン,ラフプレー
エイリア座,50,アイシー,キズナ
エイリア座,51,フロスト,ラフプレー
エイリア座,52,ブロウ,キズナ
エイリア座,53,少林寺歩,正義
エイリア座,54,栗松鉄平,ラフプレー
エイリア座,55,半田真一,ラフプレー
エイリア座,56,闇野カゲト,正義
エイリア座,57,影野仁,カウンター
エイリア座,58,杉森威,正義
エイリア座,59,西垣守,ラフプレー
エイリア座,60,不動明王,ラフプレー
エイリア座,61,松野空介,カウンター
エイリア座,62,宍戸佐吉,キズナ
エイリア座,63,研崎竜一,必殺
エイリア座,64,風丸一郎太,ラフプレー
エイリア座,65,白木ポンタ,必殺
キャラバン座,1,大谷つくし,正義
キャラバン座,2,朱雀夏彦,キズナ
キャラバン座,3,白虎秋人,ラフプレー
キャラバン座,4,早乙女キリエ,ラフプレー
キャラバン座,5,ダンテ・ディアブロ,必殺
キャラバン座,6,加納輪介,必殺
キャラバン座,7,坂本良,ラフプレー
キャラバン座,8,風来康太,テンション
キャラバン座,9,小車巡,カウンター
キャラバン座,10,空原誘,必殺
キャラバン座,11,鈴鹿走,カウンター
キャラバン座,12,金子一樹,キズナ
キャラバン座,13,井口満,必殺
キャラバン座,14,橘花直弘,正義
キャラバン座,15,風切彰,ラフプレー
キャラバン座,16,宝田中,キズナ
キャラバン座,17,広島紅,正義
キャラバン座,18,砲羽陽介,カウンター
キャラバン座,19,日向光伸,必殺
キャラバン座,20,草薙剣,必殺
キャラバン座,21,今村修生,キズナ
キャラバン座,22,井砂卓司,必殺
キャラバン座,23,三ツ葉葵,キズナ
キャラバン座,24,火山希一,必殺
キャラバン座,25,地辺克希,ラフプレー
キャラバン座,26,奥村康文,キズナ
キャラバン座,27,海音寺勇一,ラフプレー
キャラバン座,28,駅道満,キズナ
キャラバン座,29,小玉信輔,ラフプレー
キャラバン座,30,軽井沢啓,必殺
キャラバン座,31,海道貞一,正義
キャラバン座,32,須賀原巡,テンション
キャラバン座,33,南島建,必殺
キャラバン座,34,高柳丈二,正義
キャラバン座,35,宅間頼太,テンション
キャラバン座,36,今田波音,正義
キャラバン座,37,継田要,テンション
キャラバン座,38,工藤駆,カウンター
キャラバン座,39,砂川碧海,カウンター
キャラバン座,40,大鯉昇,ラフプレー
キャラバン座,41,神奈川航介,キズナ
キャラバン座,42,新村海洋,キズナ
キャラバン座,43,塩田道之介,必殺
キャラバン座,44,山道大樹,必殺
キャラバン座,45,大和田隆太,カウンター
キャラバン座,46,高夢宗一,必殺
キャラバン座,47,吹雪士郎,必殺
キャラバン座,48,吹雪士郎,キズナ
キャラバン座,49,喜多海流,ラフプレー
キャラバン座,50,荒谷紺子,キズナ
キャラバン座,51,真都路珠香,カウンター
キャラバン座,52,財前塔子,テンション
キャラバン座,53,函田鉄,キズナ
キャラバン座,54,天神阿太郎,キズナ
キャラバン座,55,木暮夕弥,カウンター
キャラバン座,56,天神吽助,カウンター
キャラバン座,57,立向居勇気,カウンター
キャラバン座,58,浦部リカ,テンション
キャラバン座,59,東江矢須雄,ラフプレー
キャラバン座,60,芙愛瑠宇,カウンター
キャラバン座,61,照橋昧歌,正義
キャラバン座,62,原瞳,カウンター
キャラバン座,63,橋本兼司,カウンター
キャラバン座,64,和田勇士,テンション
キャラバン座,65,中谷真之,カウンター
キャラバン座,66,関谷名人,ラフプレー
キャラバン座,67,土方雷電,テンション
キャラバン座,68,張飛,テンション
キャラバン座,69,阿保初花,ラフプレー
キャラバン座,70,依田博治,テンション
キャラバン座,71,白王拳士,キズナ
キャラバン座,72,ゲラルト・エンダース,カウンター
キャラバン座,73,ホセ・コスタ,テンション
キャラバン座,74,アラン・ファリオ,キズナ
キャラバン座,75,リュー・スケール,キズナ
キャラバン座,76,ロベルト・トーレス,正義
キャラバン座,77,クインシー・ホースト,必殺
キャラバン座,78,歌舞天寺洋,テンション
キャラバン座,79,長倉悠,キズナ
キャラバン座,80,スラニ・ムロンゴ,正義
キャラバン座,81,開口正陽,正義
キャラバン座,82,馬路蒼騎,正義
キャラバン座,83,生石智児,キズナ
キャラバン座,84,輪王寺頼吾,正義
キャラバン座,85,白峰虎一郎,必殺
キャラバン座,86,下間開作,正義
キャラバン座,87,木暮夕弥,カウンター
キャラバン座,88,善水樹介,カウンター
キャラバン座,89,伊里虹七郎,キズナ
キャラバン座,90,川内広明,必殺
キャラバン座,91,都来或,正義
キャラバン座,92,車田剛一,テンション
キャラバン座,93,超馬行,キズナ
キャラバン座,94,望都黒周,必殺
キャラバン座,95,山岳良利井,必殺
キャラバン座,96,相模原撲彦,キズナ
キャラバン座,97,煮登呂ヒュン,ラフプレー
キャラバン座,98,緑青鉱十郎,カウンター
キャラバン座,99,隆杉飼流,キズナ
キャラバン座,100,シーゲッツ,テンション
キャラバン座,101,アイアンガッツ,必殺
キャラバン座,102,伝開道忠,正義
ジャッジ座,1,柳光男,正義
ジャッジ座,2,屋形直人,正義
ジャッジ座,3,九里山博士,正義
ジャッジ座,4,ジル・ド・レ,正義
ジャッジ座,5,久遠道也,正義
ジャッジ座,6,富良野紫苑,正義
ジャッジ座,7,月光満,正義
ジャッジ座,8,定規頑,正義
ジャッジ座,9,桑形刃,正義
ジャッジ座,10,道場亮治,正義
ジャッジ座,11,玄武冬樹,正義
ジャッジ座,12,花岡強,正義
ジャッジ座,13,大鯉昇,正義
ジャッジ座,14,鷹桐凱,正義
ジャッジ座,15,鴨川武一,正義
ジャッジ座,16,大和進,正義
ジャッジ座,17,塗壁保,正義
ジャッジ座,18,大垣純章,正義
ジャッジ座,19,山形信洋,正義
ジャッジ座,20,細江茂志,正義
ジャッジ座,21,波村豊,正義
ジャッジ座,22,北雄石英,正義
ジャッジ座,23,尾浦玲歩,正義
ジャッジ座,24,札名聡,正義
ジャッジ座,25,眠井俊郎,正義
ジャッジ座,26,髪切徹也,正義
ジャッジ座,27,飛龍仁,正義
ジャッジ座,28,水原弘也,正義
ジャッジ座,29,灰谷直,正義
ジャッジ座,30,松岡晋也,正義
ジャッジ座,31,草下元樹,正義
ジャッジ座,32,藍染郁次,正義
ジャッジ座,33,鴉山天,正義
ジャッジ座,34,流衣洗,正義
ジャッジ座,35,赤鯛誠史,正義
ジャッジ座,36,坂下雅功,正義
ジャッジ座,37,浦田聡,正義
ジャッジ座,38,魚籠卓,正義
ジャッジ座,39,須田揚,正義
ジャッジ座,40,下円寸,正義
ジャッジ座,41,若井哲平,正義
ジャッジ座,42,渡辺映宏,正義
ジャッジ座,43,堅山真,正義
ジャッジ座,44,真爪雅彦,正義
ジャッジ座,45,碇頑五郎,正義
ジャッジ座,46,小川孝太郎,正義
ジャッジ座,47,備流田光一,正義
ジャッジ座,48,菅田厳,正義
ジャッジ座,49,宝玉光,正義
ジャッジ座,50,電受集,テンション
ジャッジ座,51,玄界波人,正義
ジャッジ座,52,総本号,正義
ジャッジ座,53,親富孝,正義
ジャッジ座,54,矢木尚史,正義
ジャッジ座,55,神部貴,正義
ジャッジ座,56,尾威主人,正義
ジャッジ座,57,星原月海,正義
ジャッジ座,58,野口学人,正義
ジャッジ座,59,浅野色葉,正義
ジャッジ座,60,砂子律夫,正義
ジャッジ座,61,丸尾愛葉,正義
ジャッジ座,62,染宮月香,正義
ジャッジ座,63,向井秀司,正義
ジャッジ座,64,芳国政一,正義
ジャッジ座,65,江波静恵,正義
ジャッジ座,66,田口吉穂,正義
ジャッジ座,67,桃河愛,正義
ジャッジ座,68,粟生林檎,正義
ジャッジ座,69,東条宰,正義
ジャッジ座,70,ガビアル,正義
ジャッジ座,71,ドラゴ・ヒル,正義
ジャッジ座,72,ベルディオ・ズメラルド,正義
ジャッジ座,73,バファロ,正義
ジャッジ座,74,アデル・シディク,正義
ジャッジ座,75,エッジ・リッパー,正義
ジャッジ座,76,ジーン・ベイカー,正義
ジャッジ座,77,マット・アングル,正義
ジャッジ座,78,アントニオ・ガリウス,正義
ジャッジ座,79,ロニー・ワイス,正義
ジャッジ座,80,ナタル・ツォラ,正義
ジャッジ座,81,神代裕詩朗,正義
ジャッジ座,82,筒帽禿,正義
ジャッジ座,83,属性賀組織,正義
ジャッジ座,84,網場衣夜,正義
ジャッジ座,85,柴木激斗,正義
ジャッジ座,86,武登美清夫,正義
ジャッジ座,87,老尾明宗,正義
ジャッジ座,88,南沢篤志,正義
ジャッジ座,89,宗佐住起,正義
ジャッジ座,90,沖宮敬乃,正義
ジャッジ座,91,伊奈波常刻,正義
ジャッジ座,92,火流将丸,正義
ジャッジ座,93,逆崎無限,正義
ジャッジ座,94,凪沢渚,正義
ジャッジ座,95,井伊谷茂惇,正義
ジャッジ座,96,石岩次郎,ラフプレー
ジャッジ座,97,取行麻也,正義
ジャッジ座,98,大磯川太郎,正義
ジャッジ座,99,路野進,正義
ジャッジ座,100,笹山滝,正義
ジャッジ座,101,和伊田圭,正義
ジャッジ座,102,火北幸四郎,正義
ジャッジ座,103,伊鈴勲,正義
ジャッジ座,104,珊海瑚礁,正義
ジャッジ座,105,大田原邦生,正義
ジャッジ座,106,園日英智美,正義
ジャッジ座,107,神村島,正義
ジャッジ座,108,粟生仁太郎,正義
ジャッジ座,109,風乃園清羅香,正義
ジャッジ座,110,駒輔史,正義
ジャッジ座,111,新東京,正義
ジャッジ座,112,動山不美,正義
ジャッジ座,113,兜坂テル,正義
ジャッジ座,114,雷轟ガラゴ,正義
ジャッジ座,115,キャプテンジェイ,正義
ジャッジ座,116,成見転太,正義
ジャッジ座,117,須久乱童,正義
ジャッジ座,118,曹操,正義
ジャッジ座,119,エスカ・バメル,ラフプレー
ジャッジ座,120,新鮮太助,正義
ジャッジ座,121,白木ポンタ,キズナ
ジャッジ座,122,大鳥星矢,正義
ジャッジ座,123,磊落護狼,正義
ジャッジ座,124,比良平成,正義
ジャッジ座,125,ジーニー,正義
ジャッジ座,126,ガウラ,正義
ジャッジ座,127,ラウ・セム,正義
ジャッジ座,128,ハンニス,正義
ジャッジ座,129,ニー・ベル,正義
ジャッジ座,130,バド・アッド,正義
ジャッジ座,131,ジラフ,正義
ジャッジ座,132,真武居剛人,キズナ
ジャッジ座,133,マドル,正義
ジャッジ座,134,音無春奈,正義
ジャッジ座,135,近藤勇,カウンター
ジャッジ座,136,サリュー・エヴァン,必殺
ジャッジ座,137,円堂守,正義
ジャッジ座,138,カズチ,キズナ
ジャッジ座,139,オム,正義
ジャッジ座,140,クラッチ,正義
ジャッジ座,141,ノルマンド,正義
ジャッジ座,142,カウ・アロア,正義
ジャッジ座,143,黒木善三,正義
ジャッジ座,144,シンク・ログラム,正義
ジャッジ座,145,陣内伍兵,正義
ジャッジ座,146,黒原玲文,正義
ジャッジ座,147,南尾修人,正義
ジャッジ座,148,村地神乃介,正義
ジャッジ座,149,ジューン・デビッドソン,正義
ジャッジ座,150,魅園霊奈,正義
ジャッジ座,151,白百合咲羽,正義
ジャッジ座,152,花丸屋数,正義
ジャッジ座,153,布袋大綱,正義
ジャッジ座,154,五重寺愛花,正義
ジャッジ座,155,寺路進未,正義
ジャッジ座,156,渦守うずめ,正義
ジャッジ座,157,スクワート・スワン,正義
ジャッジ座,158,下間憲正,正義
ジャッジ座,159,大出アキ,正義
ジャッジ座,160,浅葱有翔,正義
ジャッジ座,161,ダニエル・スタービン,ラフプレー
ジャッジ座,162,二階堂修吾,正義
スパイク座,1,中間庸,ラフプレー
スパイク座,2,岸和田祭,ラフプレー
スパイク座,3,ティグレ・メンデス,キズナ
スパイク座,4,アリカ,キズナ
スパイク座,5,ガンマ,ラフプレー
スパイク座,6,根上大地,キズナ
スパイク座,7,寺坂響,キズナ
スパイク座,8,滝川一馬,ラフプレー
スパイク座,9,水前寺馳威太,ラフプレー
スパイク座,10,都築静,テンション
スパイク座,11,香芽レオン,必殺
スパイク座,12,木乃伊魔美,テンション
スパイク座,13,人形幻,ラフプレー
スパイク座,14,小手川練,ラフプレー
スパイク座,15,茶木椎斗,テンション
スパイク座,16,世良一期,ラフプレー
スパイク座,17,六甲嵐,キズナ
スパイク座,18,赤城正馬,ラフプレー
スパイク座,19,北原幸一,必殺
スパイク座,20,霞野迅太,必殺
スパイク座,21,中園康文,ラフプレー
スパイク座,22,花山造,必殺
スパイク座,23,七瀬昭治,カウンター
スパイク座,24,宮坂了,テンション
スパイク座,25,宇那木養,必殺
スパイク座,26,浦島無我,カウンター
スパイク座,27,久慈孝彦,必殺
スパイク座,28,園田三保,カウンター
スパイク座,29,国立梅三郎,ラフプレー
スパイク座,30,豊臣秀紀,カウンター
スパイク座,31,山村明,キズナ
スパイク座,32,観葉植,ラフプレー
スパイク座,33,水仙稔基,必殺
スパイク座,34,南場恋次,必殺
スパイク座,35,小泉涼,カウンター
スパイク座,36,川野めだか,必殺
スパイク座,37,中間庸,テンション
スパイク座,38,埼玉礼央,テンション
スパイク座,39,浮島一人,正義
スパイク座,40,森田英雄,カウンター
スパイク座,41,大将拳,必殺
スパイク座,42,今井扶樹,カウンター
スパイク座,43,藤村刃,ラフプレー
スパイク座,44,大丹羽魁士,必殺
スパイク座,45,古文次元,テンション
スパイク座,46,地平広大,カウンター
スパイク座,47,定良保,ラフプレー
スパイク座,48,秋元聖,カウンター
スパイク座,49,浪川花子,ラフプレー
スパイク座,50,粟野夢加,テンション
スパイク座,51,真杉琴羽,テンション
スパイク座,52,見城彩希,必殺
スパイク座,53,朝久保允彦,テンション
スパイク座,54,道原小夜,必殺
スパイク座,55,真中成一,ラフプレー
スパイク座,56,三輪星妃,必殺
スパイク座,57,日笠和希,カウンター
スパイク座,58,八十島音彩,正義
スパイク座,59,船島紘通,テンション
スパイク座,60,浅井博視,カウンター
スパイク座,61,三瀬芽理衣,テンション
スパイク座,62,本郷久美,テンション
スパイク座,63,細見咲枝里,ラフプレー
スパイク座,64,ユスフ・ムハディ,ラフプレー
スパイク座,65,宇都宮虎丸,カウンター
スパイク座,66,涼野風介,ラフプレー
スパイク座,67,セイド・アルマンド,カウンター
スパイク座,68,ニック・ウッドゲート,カウンター
スパイク座,69,イ・チョンユン,必殺
スパイク座,70,サカマキ・トグロウ,カウンター
スパイク座,71,ローラン・ペレク,カウンター
スパイク座,72,オウル,必殺
スパイク座,73,ウィンディ・ファスタ,正義
スパイク座,74,アレサンドロ・ロッサ,ラフプレー
スパイク座,75,ボルボレタ・バルボッサ,キズナ
スパイク座,76,パブロ・カスティーヨ,ラフプレー
スパイク座,77,ダビ・ペロキ,キズナ
スパイク座,78,ビオレテ・アメティスタ,必殺
スパイク座,79,小貫才次朗,カウンター
スパイク座,80,ヨナス・ポラック,テンション
スパイク座,81,室生由市,必殺
スパイク座,82,速星常彰,ラフプレー
スパイク座,83,青剃頼也,必殺
スパイク座,84,枚聞楽衣奈,テンション
スパイク座,85,天野快司,ラフプレー
スパイク座,86,白幽漂,カウンター
スパイク座,87,倉間典人,必殺
スパイク座,88,古手川咲夫,カウンター
スパイク座,89,高鴨房生,必殺
スパイク座,90,松風天馬,キズナ
スパイク座,91,施条真子,必殺
スパイク座,92,伊佐平紀,必殺
スパイク座,93,場里闘史,必殺
スパイク座,94,滋園田平美,カウンター
スパイク座,95,恋崎伊雄,ラフプレー
スパイク座,96,遊海瑞,ラフプレー
スパイク座,97,赤井トンボ,キズナ
スパイク座,98,詩庵馳,ラフプレー
スパイク座,99,有野緒美,ラフプレー
スパイク座,100,黒暮肌市,ラフプレー
スパイク座,101,閃田光之進,カウンター
スパイク座,102,巽慎之助,カウンター
スパイク座,103,飛居田伴則,カウンター
スパイク座,104,法外逢徒,必殺
スパイク座,105,鬼村多賀女,必殺
スパイク座,106,割鞘睦雄,テンション
スパイク座,107,後向田蔵唯,テンション
スパイク座,108,富福涼,ラフプレー
スパイク座,109,臼場影郎,キズナ
スパイク座,110,清蓮泪,カウンター
スパイク座,111,羅生門幽鬼,テンション
スパイク座,112,黒須十字,必殺
スパイク座,113,小谷みお,必殺
スパイク座,114,剛建実直,ラフプレー
スパイク座,115,菊池久美,テンション
スパイク座,116,臼井淡人,必殺
スパイク座,117,浅間伝兵衛,ラフプレー
スパイク座,118,キモロ,テンション
スパイク座,119,メイズ,テンション
スパイク座,120,涼風日景,テンション
スパイク座,121,氷峰裏凍,カウンター
スパイク座,122,居富江輔,ラフプレー
スパイク座,123,小酒井似弥,カウンター
スパイク座,124,キュー,必殺
スパイク座,125,蝶野魅知,必殺
スパイク座,126,トーム,ラフプレー
スパイク座,127,メイズ,テンション
スパイク座,128,宇都宮虎丸,カウンター
スパイク座,129,ビッグ,テンション
スパイク座,130,六道衣紋丞,ラフプレー
スパイク座,131,川満乗児,ラフプレー
スパイク座,132,マリベル・フランミール,必殺
スパイク座,133,弾目閃九郎,カウンター
スパイク座,134,新狩瑛斗,正義
スパイク座,135,弥叉光利,必殺
スパイク座,136,サカマキ・トグロウ,ラフプレー
スパイク座,137,頂挑夢,テンション
スパイク座,138,板屋江戸丸,必殺
スパイク座,139,スティン・シーアン,必殺
スパイク座,140,ニール・カナイ,カウンター
スパイク座,141,倉敷灯里,カウンター
スパイク座,142,伝統田土岐ノ助,必殺
スパイク座,143,加蘇村良人,キズナ
スパイク座,144,木庭エミコ,必殺
スパイク座,145,冥道知臣,必殺
スパイク座,146,掟原斬,必殺
スパイク座,147,間瀬理仁,必殺
スパイク座,148,比口竹葉,キズナ
スパイク座,149,二ツ宮金次郎,テンション
スパイク座,150,多治順風,テンション
スパイク座,151,式野紫,キズナ
スパイク座,152,要野樹里亜,ラフプレー
スパイク座,153,阿里恵多,必殺
スパイク座,154,村住薄荷,ラフプレー
スパイク座,155,紫芝悠李,カウンター
スパイク座,156,氷英坂岩人,キズナ
スパイク座,157,ミスターＫ,正義
タイヤ座,1,難波花枝,テンション
タイヤ座,2,ゲネル,正義
タイヤ座,3,ボブ・ボビンス,カウンター
タイヤ座,4,棍田重次,テンション
タイヤ座,5,天城大地,テンション
タイヤ座,6,石川五衛太,テンション
タイヤ座,7,草生久志,必殺
タイヤ座,8,仮沢装,ラフプレー
タイヤ座,9,五利真吾,キズナ
タイヤ座,10,野部流来人,正義
タイヤ座,11,屍藤美,ラフプレー
タイヤ座,12,鶏井亮太,ラフプレー
タイヤ座,13,壁山塀吾郎,正義
タイヤ座,14,友岡愛斗,ラフプレー
タイヤ座,15,軟山弱,カウンター
タイヤ座,16,八百野スミ子,キズナ
タイヤ座,17,丸出為夫,カウンター
タイヤ座,18,賭山流,ラフプレー
タイヤ座,19,骨盤整,テンション
タイヤ座,20,亀田ぽん太,カウンター
タイヤ座,21,彩雲強,ラフプレー
タイヤ座,22,氷室剛勇,テンション
タイヤ座,23,須根理世,ラフプレー
タイヤ座,24,坂山金太郎,必殺
タイヤ座,25,天正叡一,ラフプレー
タイヤ座,26,布袋一人,正義
タイヤ座,27,近藤勇夫,必殺
タイヤ座,28,鎌桐蒼人,テンション
タイヤ座,29,羅城門藤次,ラフプレー
タイヤ座,30,枚田影夫,カウンター
タイヤ座,31,水田流,ラフプレー
タイヤ座,32,出田優士,カウンター
タイヤ座,33,桐技躍馬,テンション
タイヤ座,34,質屋流,キズナ
タイヤ座,35,松田正敏,必殺
タイヤ座,36,高知勇士,カウンター
タイヤ座,37,鮭川昇,必殺
タイヤ座,38,屋上遊,テンション
タイヤ座,39,手力崇男,正義
タイヤ座,40,五月晴彦,必殺
タイヤ座,41,植木繁治,カウンター
タイヤ座,42,玉井央一,正義
タイヤ座,43,高雄みのる,ラフプレー
タイヤ座,44,前園航平,キズナ
タイヤ座,45,米沢義弘,ラフプレー
タイヤ座,46,森下返,正義
タイヤ座,47,熊本幾太郎,カウンター
タイヤ座,48,久士田結人,テンション
タイヤ座,49,淀山大良,正義
タイヤ座,50,井形芳生,必殺
タイヤ座,51,深道秋生,正義
タイヤ座,52,川蝉育俊,ラフプレー
タイヤ座,53,榎戸敦,ラフプレー
タイヤ座,54,鼻本丈雄,必殺
タイヤ座,55,阿後大三,正義
タイヤ座,56,筋原俊二,正義
タイヤ座,57,松本はやと,ラフプレー
タイヤ座,58,柔光良,キズナ
タイヤ座,59,横田ケンイチ,カウンター
タイヤ座,60,模寺仁晶,必殺
タイヤ座,61,船田光洋,キズナ
タイヤ座,62,賀茂歓行,正義
タイヤ座,63,桜多聞,ラフプレー
タイヤ座,64,石山防仁,必殺
タイヤ座,65,一色真砂士,キズナ
タイヤ座,66,蛸田轟大,ラフプレー
タイヤ座,67,首里巌,カウンター
タイヤ座,68,村山昇治,必殺
タイヤ座,69,野田岳,正義
タイヤ座,70,浜本塁,正義
タイヤ座,71,舟山省二,カウンター
タイヤ座,72,大鹿伸吾,必殺
タイヤ座,73,尾崎佳知,ラフプレー
タイヤ座,74,沼上泥江,カウンター
タイヤ座,75,本多康平,ラフプレー
タイヤ座,76,金色庄七,正義
タイヤ座,77,横山圭介,正義
タイヤ座,78,押本久仁恵,ラフプレー
タイヤ座,79,団野昭南,カウンター
タイヤ座,80,野林茂有,カウンター
タイヤ座,81,大河誠剛,正義
タイヤ座,82,無頼寺五郎蔵,正義
タイヤ座,83,シャバリー・リベイロ,正義
タイヤ座,84,王井一郎,テンション
タイヤ座,85,オットリーノ・ノビリ,テンション
タイヤ座,86,ダニエレ・サンクティス,正義
タイヤ座,87,テレス・トルーエ,カウンター
タイヤ座,88,マリオ・サビオラ,ラフプレー
タイヤ座,89,アズベル・トルケーゼ,カウンター
タイヤ座,90,カーメイ・コーラー,ラフプレー
タイヤ座,91,グリッジョ・ジェッソ,テンション
タイヤ座,92,ゴライアス,正義
タイヤ座,93,ラボック・ヘンクタッカー,テンション
タイヤ座,94,ウォルター・マウンテン,正義
タイヤ座,95,アソール・ノルキア,テンション
タイヤ座,96,ミシェル・モラン,必殺
タイヤ座,97,チェアマンＩ,ラフプレー
タイヤ座,98,ケネデ・ムロベッヅィ,正義
タイヤ座,99,唐崎桐市,正義
タイヤ座,100,開地惹句,テンション
タイヤ座,101,ダイッコ・ブーカ,カウンター
タイヤ座,102,甘蔗隆住,テンション
タイヤ座,103,珈琲挽,必殺
タイヤ座,104,多度和基,ラフプレー
タイヤ座,105,笛頭峻也,カウンター
タイヤ座,106,サキネル,必殺
タイヤ座,107,ヘビーモス,ラフプレー
タイヤ座,108,押井剛,正義
タイヤ座,109,伊吹死鬼,キズナ
タイヤ座,110,党賀徹,カウンター
タイヤ座,111,大沢田虎鉄,正義
タイヤ座,112,道家冠十郎,正義
タイヤ座,113,金平鉄斎,必殺
タイヤ座,114,豊田穣,ラフプレー
タイヤ座,115,武雲月弥,正義
タイヤ座,116,邸緩助,正義
タイヤ座,117,獅子峰才治,正義
タイヤ座,118,粉木夢二,必殺
タイヤ座,119,皮羽他頭水,必殺
タイヤ座,120,福田楼太郎,カウンター
タイヤ座,121,添田久留三,カウンター
タイヤ座,122,大風谷義一,キズナ
タイヤ座,123,尾伊都夏太,テンション
タイヤ座,124,文藤量,カウンター
タイヤ座,125,大兜鎧,テンション
タイヤ座,126,円秀立,正義
タイヤ座,127,突庭撃進,正義
タイヤ座,128,邑縞桐一郎,ラフプレー
タイヤ座,129,福音堅司,キズナ
タイヤ座,130,白魁龍千代,キズナ
タイヤ座,131,田孫獏,必殺
タイヤ座,132,樽医歯電,必殺
タイヤ座,133,雷轟ゴラン,必殺
タイヤ座,134,御石月長,必殺
タイヤ座,135,押本強機,テンション
タイヤ座,136,見不科王佐人,正義
タイヤ座,137,多蛇大太,ラフプレー
タイヤ座,138,文田時測,カウンター
タイヤ座,139,毬万次郎,カウンター
タイヤ座,140,堤きゃべつ,必殺
タイヤ座,141,志免楚歌,カウンター
タイヤ座,142,山田童一,必殺
タイヤ座,143,小山田俊介,カウンター
タイヤ座,144,鬼霧三平太,正義
タイヤ座,145,周防烈也,キズナ
タイヤ座,146,落村伝来,テンション
タイヤ座,147,オーグ,ラフプレー
タイヤ座,148,具志堅勇,正義
タイヤ座,149,矢部半兵衛,必殺
タイヤ座,150,酢鼻廉示,テンション
タイヤ座,151,嘉尾賀植頼,正義
タイヤ座,152,栗毛トオル,ラフプレー
タイヤ座,153,焼田具里固,テンション
タイヤ座,154,デメグ,必殺
タイヤ座,155,ダク,必殺
タイヤ座,156,角馬王将,キズナ
タイヤ座,157,ハオ・ボーノ,カウンター
タイヤ座,158,早嘉城数寄,必殺
タイヤ座,159,許虎猪,テンション
タイヤ座,160,トリヨンフ,カウンター
タイヤ座,161,新田蜂之心,正義
タイヤ座,162,熊崎伝治,必殺
タイヤ座,163,他山幸助,正義
タイヤ座,164,通紋次郎,テンション
タイヤ座,165,ジャンク・ゴルダス,正義
タイヤ座,166,マン・チェスター,キズナ
ダイヤモンド座,1,雷電真太郎,カウンター
ダイヤモンド座,2,柴礼朝雄,必殺
ダイヤモンド座,3,青龍春紀,キズナ
ダイヤモンド座,4,アル・カティア,カウンター
ダイヤモンド座,5,泡沫京志郎,テンション
ダイヤモンド座,6,鳴滝晴彦,正義
ダイヤモンド座,7,地内雅彦,ラフプレー
ダイヤモンド座,8,久米龍吉,カウンター
ダイヤモンド座,9,長月九,正義
ダイヤモンド座,10,恩田心太郎,必殺
ダイヤモンド座,11,高胡菜生,テンション
ダイヤモンド座,12,海原浴,キズナ
ダイヤモンド座,13,鳴海伸行,正義
ダイヤモンド座,14,富嶽厚志,ラフプレー
ダイヤモンド座,15,茜広明,キズナ
ダイヤモンド座,16,粧司浩介,必殺
ダイヤモンド座,17,岩淵晃司,キズナ
ダイヤモンド座,18,沼口司,カウンター
ダイヤモンド座,19,望月透修,ラフプレー
ダイヤモンド座,20,吉永陽介,キズナ
ダイヤモンド座,21,宮北昭修,正義
ダイヤモンド座,22,安東道典,ラフプレー
ダイヤモンド座,23,増田忠節,ラフプレー
ダイヤモンド座,24,竜洋喜八,正義
ダイヤモンド座,25,西井とおる,キズナ
ダイヤモンド座,26,火浦祥太,キズナ
ダイヤモンド座,27,塚本波美,テンション
ダイヤモンド座,28,川上昌也,ラフプレー
ダイヤモンド座,29,神水流美映,ラフプレー
ダイヤモンド座,30,磯野加奈恵,テンション
ダイヤモンド座,31,ラファエル・ロペス,カウンター
ダイヤモンド座,32,メッサー・ジャシム,キズナ
ダイヤモンド座,33,油日桂志郎,テンション
ダイヤモンド座,34,田辺さやか,テンション
ダイヤモンド座,35,岩成意景,正義
ダイヤモンド座,36,論理的雄,必殺
ダイヤモンド座,37,斑天橙,正義
ダイヤモンド座,38,鳩目金太,必殺
ダイヤモンド座,39,弓削昇,テンション
ダイヤモンド座,40,盃仁田克男,カウンター
ダイヤモンド座,41,開放空也,ラフプレー
ダイヤモンド座,42,千予波運,キズナ
ダイヤモンド座,43,草戸育之進,ラフプレー
ダイヤモンド座,44,出石泰児,カウンター
ダイヤモンド座,45,岸城直貞,テンション
ダイヤモンド座,46,土一十,キズナ
ダイヤモンド座,47,宮太良男,必殺
ダイヤモンド座,48,巴アル,必殺
ダイヤモンド座,49,篠熊鉤太,必殺
ダイヤモンド座,50,機智野愛美,カウンター
ダイヤモンド座,51,鹿沼芭丁,必殺
ダイヤモンド座,52,小原輝流,カウンター
ダイヤモンド座,53,眞部田愛紗,キズナ
ダイヤモンド座,54,阿仁吉方次,正義
ダイヤモンド座,55,オイリーナ・コーエン,正義
ダイヤモンド座,56,閃雷光秀,テンション
ダイヤモンド座,57,恐山元太,カウンター
ダイヤモンド座,58,斜鞍軽一,テンション
ダイヤモンド座,59,比母治虫,必殺
ダイヤモンド座,60,進学襟人,正義
ダイヤモンド座,61,束間梢,テンション
トルネード座,1,大楠星士,キズナ
トルネード座,2,マイキー・リチャーズ,カウンター
トルネード座,3,闇野カゲト,ラフプレー
トルネード座,4,ラファエレ・ジェネラーニ,カウンター
トルネード座,5,日高岳,正義
トルネード座,6,在手実弓,ラフプレー
トルネード座,7,甲賀幻,キズナ
トルネード座,8,造形製雄,必殺
トルネード座,9,藤林長門,テンション
トルネード座,10,明井戸達人,ラフプレー
トルネード座,11,下鶴改,テンション
トルネード座,12,豪炎寺修也,正義
トルネード座,13,蛇丸彰真,必殺
トルネード座,14,目戸宇左,正義
トルネード座,15,明天名智,正義
トルネード座,16,安永英嗣,正義
トルネード座,17,千手孝史,キズナ
トルネード座,18,那須与一,テンション
トルネード座,19,宇院武流人,キズナ
トルネード座,20,押井解,カウンター
トルネード座,21,水渡長流,テンション
トルネード座,22,探田偵人,テンション
トルネード座,23,山岡洋,カウンター
トルネード座,24,花神蔵六,ラフプレー
トルネード座,25,寺務育生,正義
トルネード座,26,福津朔也,カウンター
トルネード座,27,弓すぐる,テンション
トルネード座,28,雨宮長宏,必殺
トルネード座,29,流山宏行,正義
トルネード座,30,新井超,キズナ
トルネード座,31,飛鳥健,正義
トルネード座,32,折野創,正義
トルネード座,33,鉄野洋平,ラフプレー
トルネード座,34,越智貞夫,必殺
トルネード座,35,縦演明,正義
トルネード座,36,棒迫満,正義
トルネード座,37,界戸瞬,必殺
トルネード座,38,目座相斗,ラフプレー
トルネード座,39,弾倉撃,キズナ
トルネード座,40,身辺保,テンション
トルネード座,41,疾風隼人,正義
トルネード座,42,加賀美法子,キズナ
トルネード座,43,鉄壁堅,カウンター
トルネード座,44,神田基祐,キズナ
トルネード座,45,西部鷹也,ラフプレー
トルネード座,46,堀道子,キズナ
トルネード座,47,平良潜,正義
トルネード座,48,根切ともえ,キズナ
トルネード座,49,角塚王是,正義
トルネード座,50,船場銀子,カウンター
トルネード座,51,小龍翼,テンション
トルネード座,52,組村淳弘,必殺
トルネード座,53,豪炎寺真人,キズナ
トルネード座,54,吉本和希,正義
トルネード座,55,古家更沙,正義
トルネード座,56,羽生志恵里,カウンター
トルネード座,57,西川昌枝,必殺
トルネード座,58,目抜冴火,正義
トルネード座,59,小寺恒之,キズナ
トルネード座,60,渡克明,必殺
トルネード座,61,北形神音,キズナ
トルネード座,62,冴木保則,テンション
トルネード座,63,桶谷平太,カウンター
トルネード座,64,宮池椎奈,必殺
トルネード座,65,福田光久,正義
トルネード座,66,荻野哲郎,キズナ
トルネード座,67,田元寿紀,正義
トルネード座,68,岸川速香,必殺
トルネード座,69,君波好正,必殺
トルネード座,70,清家苑香,正義
トルネード座,71,代田日出夫,カウンター
トルネード座,72,葉月芽亜里,ラフプレー
トルネード座,73,久本重明,必殺
トルネード座,74,高峰瑛里沙,テンション
トルネード座,75,高津和史,ラフプレー
トルネード座,76,黒沢賢人,テンション
トルネード座,77,瀬川流留,テンション
トルネード座,78,平留九朗,カウンター
トルネード座,79,マジディ・イスマイール,テンション
トルネード座,80,イン・チキータ,カウンター
トルネード座,81,チェ・チャンスウ,カウンター
トルネード座,82,ハッサン・アーメド,キズナ
トルネード座,83,ショーン・ピアース,キズナ
トルネード座,84,ゴーシュ・フレア,テンション
トルネード座,85,ミケーレ・ジャックス,ラフプレー
トルネード座,86,早撃銃子,キズナ
トルネード座,87,剣恭平,キズナ
トルネード座,88,狭井峻也,ラフプレー
トルネード座,89,アスタロス,カウンター
トルネード座,90,三枡圭人,カウンター
トルネード座,91,ネネル,カウンター
トルネード座,92,フアン・スベルディア,必殺
トルネード座,93,エノレル,必殺
トルネード座,94,三羽踊,カウンター
トルネード座,95,高城乃風子,ラフプレー
トルネード座,96,理央マルシャ,ラフプレー
トルネード座,97,召喚願,テンション
トルネード座,98,航海遙,必殺
トルネード座,99,多陣香美,ラフプレー
トルネード座,100,千徳真咲,テンション
トルネード座,101,情報整理,テンション
トルネード座,102,小塙直影,ラフプレー
トルネード座,103,炉保手楠美,ラフプレー
トルネード座,104,電算機美,テンション
トルネード座,105,統計解,必殺
トルネード座,106,大笹牧吾郎,カウンター
トルネード座,107,堀米乱太,正義
トルネード座,108,永源羽乃,カウンター
トルネード座,109,恵隆亜須帆,カウンター
トルネード座,110,扇森宗厚,必殺
トルネード座,111,手裏ケン,カウンター
トルネード座,112,狙撃手津雄,正義
トルネード座,113,鈎名和掛,正義
トルネード座,114,苦無中,テンション
トルネード座,115,走破耐久,ラフプレー
トルネード座,116,巻菱逃,正義
トルネード座,117,剣城京介,ラフプレー
トルネード座,118,木屋功治,ラフプレー
トルネード座,119,秋山ヒミコ,必殺
トルネード座,120,鬼怒川我貫,カウンター
トルネード座,121,比嘉健康,テンション
トルネード座,122,氷里樹,ラフプレー
トルネード座,123,安藤恒之,テンション
トルネード座,124,海図航一郎,テンション
トルネード座,125,住井礼,キズナ
トルネード座,126,比嘉志欣也,正義
トルネード座,127,土井垣元,必殺
トルネード座,128,藍野勇,キズナ
トルネード座,129,正添快晴,カウンター
トルネード座,130,郷里乱造,カウンター
トルネード座,131,雨露しずく,カウンター
トルネード座,132,布施覆,ラフプレー
トルネード座,133,九朗田踊助,正義
トルネード座,134,福山繰栖,ラフプレー
トルネード座,135,北下武利,正義
トルネード座,136,太力場佳,正義
トルネード座,137,怖川霊子,ラフプレー
トルネード座,138,佐々西己利,カウンター
トルネード座,139,財前塔子,ラフプレー
トルネード座,140,書原辰人,正義
トルネード座,141,四井静時,必殺
トルネード座,142,縁帽踏,必殺
トルネード座,143,鷹垣爪二郎,キズナ
トルネード座,144,加銘礼央,カウンター
トルネード座,145,内村正士郎,カウンター
トルネード座,146,品田戴,カウンター
トルネード座,147,初市詠美,キズナ
トルネード座,148,場津典子,カウンター
トルネード座,149,恵理栖準星,キズナ
トルネード座,150,釘崎鉄男,カウンター
トルネード座,151,山郭乗,カウンター
トルネード座,152,鉢緒真樹夫,キズナ
トルネード座,153,播磨忠,キズナ
トルネード座,154,三井想汰,カウンター
トルネード座,155,早田捌矢緒,ラフプレー
トルネード座,156,桜流舞衣子,正義
トルネード座,157,烏賊水脚面,ラフプレー
トルネード座,158,速斗瞬一,必殺
トルネード座,159,月雪花世,ラフプレー
トルネード座,160,線引疾人,ラフプレー
トルネード座,161,名村宏,テンション
トルネード座,162,磁倶爽子,必殺
トルネード座,163,剣城優一,正義
トルネード座,164,露原曇利,テンション
トルネード座,165,弁天九郎丸,ラフプレー
トルネード座,166,椎名紅絹乃,ラフプレー
トルネード座,167,南乃武虎,必殺
トルネード座,168,折上夜子,キズナ
トルネード座,169,姜伯麒,キズナ
トルネード座,170,マスラ,正義
トルネード座,171,亜風炉照美,必殺
トルネード座,172,ザナーク・アバロニク,ラフプレー
トルネード座,173,櫛田ぬい,カウンター
トルネード座,174,宇和たえ子,カウンター
トルネード座,175,神宮皇月,ラフプレー
トルネード座,176,九平映夢,カウンター
トルネード座,177,暮乃判華,テンション
トルネード座,178,風蓮白矢,ラフプレー
トロフィー座,1,土州恋,正義
トロフィー座,2,アンジェロ・ガブリーニ,カウンター
トロフィー座,3,劉備,必殺
トロフィー座,4,森杉久,ラフプレー
トロフィー座,5,ドレーヌ,正義
トロフィー座,6,手札来斗,必殺
トロフィー座,7,常磐勝男,カウンター
トロフィー座,8,中山律,正義
トロフィー座,9,間竜介,キズナ
トロフィー座,10,闘馬草太,テンション
トロフィー座,11,武方勝,ラフプレー
トロフィー座,12,源田幸次郎,必殺
トロフィー座,13,山岸迫,正義
トロフィー座,14,服部陸,テンション
トロフィー座,15,白金希,正義
トロフィー座,16,芥川治,キズナ
トロフィー座,17,札野蝶司,必殺
トロフィー座,18,電光則武,テンション
トロフィー座,19,久家君麻呂,正義
トロフィー座,20,伊達竜,必殺
トロフィー座,21,縄手万作,テンション
トロフィー座,22,尾泉平介,カウンター
トロフィー座,23,井川豊,キズナ
トロフィー座,24,打崎達士,必殺
トロフィー座,25,佐賀三兵,キズナ
トロフィー座,26,井出龍吉,正義
トロフィー座,27,古武合気,キズナ
トロフィー座,28,絵嶋裕斗,キズナ
トロフィー座,29,上坂納,テンション
トロフィー座,30,高野瑠偉,キズナ
トロフィー座,31,向野征二,キズナ
トロフィー座,32,家永章,テンション
トロフィー座,33,野家広貼,カウンター
トロフィー座,34,玉月瞬,ラフプレー
トロフィー座,35,赤羽隼士,正義
トロフィー座,36,桜井広司,正義
トロフィー座,37,吉見久敏,正義
トロフィー座,38,サガミネーター,正義
トロフィー座,39,能登郁海,テンション
トロフィー座,40,結城昭吾,正義
トロフィー座,41,今崎恵一,キズナ
トロフィー座,42,竹之内波恵,必殺
トロフィー座,43,左久亮介,カウンター
トロフィー座,44,米谷砂絵,正義
トロフィー座,45,ソル・ヒョンデ,テンション
トロフィー座,46,江本征典,キズナ
トロフィー座,47,ゴルド・ディアス,カウンター
トロフィー座,48,マーティン・スコール,テンション
トロフィー座,49,馬乗炉出雄,必殺
トロフィー座,50,コルジァ・セレーゾ,カウンター
トロフィー座,51,白鷲乙弥,テンション
トロフィー座,52,福王子麻伊子,正義
トロフィー座,53,洲飛伊都史,キズナ
トロフィー座,54,多流漕,キズナ
トロフィー座,55,更科梨華,テンション
トロフィー座,56,御前里巳,カウンター
トロフィー座,57,シュウ,必殺
トロフィー座,58,番東辺亜美,ラフプレー
トロフィー座,59,磯崎研磨,カウンター
トロフィー座,60,白竜,必殺
トロフィー座,61,菊地一太,キズナ
トロフィー座,62,糸川吉信,テンション
トロフィー座,63,織田信長,ラフプレー
トロフィー座,64,上村六飛,正義
トロフィー座,65,ココ・バナバ,ラフプレー
トロフィー座,66,イシドシュウジ,正義
トロフィー座,67,剛田弐蔵,必殺
トロフィー座,68,幕下照,必殺
トロフィー座,69,アンドレ・ブラン,キズナ
トロフィー座,70,萬屋能力,必殺
トロフィー座,71,アーク・スコッチエッグ,テンション
トロフィー座,72,アーロン・アダムス,必殺
トロフィー座,73,円算数士,ラフプレー
トロフィー座,74,黒倉光邦,正義
トロフィー座,75,アニータ・ナバロ,正義
トロフィー座,76,綾小路操,テンション
トロフィー座,77,九鬼真次,必殺
トロフィー座,78,工畑公親,キズナ
ドラゴン座,1,吉良周吾,ラフプレー
ドラゴン座,2,砂木沼治,キズナ
ドラゴン座,3,真地椎矢,キズナ
ドラゴン座,4,トラル,カウンター
ドラゴン座,5,マビ,カウンター
ドラゴン座,6,甘井一哉,必殺
ドラゴン座,7,青島薫,ラフプレー
ドラゴン座,8,深沢念司,必殺
ドラゴン座,9,森元陸斗,テンション
ドラゴン座,10,風魔小平太,正義
ドラゴン座,11,長友喪,ラフプレー
ドラゴン座,12,染岡竜吾,テンション
ドラゴン座,13,寺川巌,カウンター
ドラゴン座,14,定良保,テンション
ドラゴン座,15,備流田光一,ラフプレー
ドラゴン座,16,雷鳴仁,ラフプレー
ドラゴン座,17,土盛工司,キズナ
ドラゴン座,18,沖田創,必殺
ドラゴン座,19,天野陽介,ラフプレー
ドラゴン座,20,白間涼,カウンター
ドラゴン座,21,時任信,カウンター
ドラゴン座,22,新間読,キズナ
ドラゴン座,23,回法文夫,ラフプレー
ドラゴン座,24,地道彰,テンション
ドラゴン座,25,音下重樹,テンション
ドラゴン座,26,福岡武雄,ラフプレー
ドラゴン座,27,札幌澄太,ラフプレー
ドラゴン座,28,金堅護,正義
ドラゴン座,29,八重樫智,テンション
ドラゴン座,30,名島税,必殺
ドラゴン座,31,院法歩,必殺
ドラゴン座,32,手瑞徹,ラフプレー
ドラゴン座,33,筆田隆,カウンター
ドラゴン座,34,銀輪純明,カウンター
ドラゴン座,35,対崎暇,カウンター
ドラゴン座,36,龍造寺男,ラフプレー
ドラゴン座,37,板橋真,カウンター
ドラゴン座,38,水戸邦光,テンション
ドラゴン座,39,加持徹,カウンター
ドラゴン座,40,幸原一徳,ラフプレー
ドラゴン座,41,映内正樹,キズナ
ドラゴン座,42,吹石光太郎,テンション
ドラゴン座,43,振端敦,カウンター
ドラゴン座,44,滝沢敏也,必殺
ドラゴン座,45,品川隆博,カウンター
ドラゴン座,46,湿原然,ラフプレー
ドラゴン座,47,古謝秀範,ラフプレー
ドラゴン座,48,村松諒,必殺
ドラゴン座,49,荒木俊児,必殺
ドラゴン座,50,坂口新奈,カウンター
ドラゴン座,51,曽田一徳,テンション
ドラゴン座,52,名香野真登,ラフプレー
ドラゴン座,53,堂上健太,カウンター
ドラゴン座,54,無双千仙,キズナ
ドラゴン座,55,竹葉貞朗,必殺
ドラゴン座,56,池戸天音,ラフプレー
ドラゴン座,57,乱橋胡杏,カウンター
ドラゴン座,58,森滝恭史,カウンター
ドラゴン座,59,仁平信平,必殺
ドラゴン座,60,王仁禅竹,ラフプレー
ドラゴン座,61,仲根吹美,テンション
ドラゴン座,62,和木圭一郎,カウンター
ドラゴン座,63,赤空真宏,必殺
ドラゴン座,64,勝武洋三,キズナ
ドラゴン座,65,深尾虹気,カウンター
ドラゴン座,66,閃光寺修一,カウンター
ドラゴン座,67,南雲晴矢,キズナ
ドラゴン座,68,ジョー・ジョーンズ,必殺
ドラゴン座,69,エルビン・フォルツ,必殺
ドラゴン座,70,ノ・ソンジュン,ラフプレー
ドラゴン座,71,カルロス・アロヨ,テンション
ドラゴン座,72,ジラフ,必殺
ドラゴン座,73,ジェローム・エロワ,テンション
ドラゴン座,74,レオーネ・バティゴ,テンション
ドラゴン座,75,マーク・クルーガー,正義
ドラゴン座,76,ビアンコ・ペルラ,テンション
ドラゴン座,77,エルンスト・フロデノ,ラフプレー
ドラゴン座,78,ロッソ・グラナート,カウンター
ドラゴン座,79,オットナー・ガイ,テンション
ドラゴン座,80,属性賀熱血,テンション
ドラゴン座,81,イッカ・スタックス,キズナ
ドラゴン座,82,射水一賢,カウンター
ドラゴン座,83,伊和都勇真,必殺
ドラゴン座,84,入来院幹乗,テンション
ドラゴン座,85,砥鹿火蓮,必殺
ドラゴン座,86,伊勢屋実,必殺
ドラゴン座,87,潮賢次郎,必殺
ドラゴン座,88,石狩雷太,テンション
ドラゴン座,89,錦龍馬,テンション
ドラゴン座,90,梨巣野ケン太,キズナ
ドラゴン座,91,角倉比二莉,テンション
ドラゴン座,92,来島常貞,ラフプレー
ドラゴン座,93,葛西克仁,カウンター
ドラゴン座,94,木瀧常緒,ラフプレー
ドラゴン座,95,嶋左門字,テンション
ドラゴン座,96,跳沢真波,カウンター
ドラゴン座,97,洞爺国広,必殺
ドラゴン座,98,船田光洋,ラフプレー
ドラゴン座,99,堤美智,キズナ
ドラゴン座,100,有働開,必殺
ドラゴン座,101,留紅石子,必殺
ドラゴン座,102,興津碧洋,テンション
ドラゴン座,103,近藤野信次郎,ラフプレー
ドラゴン座,104,肩野刃,カウンター
ドラゴン座,105,都頼安来,キズナ
ドラゴン座,106,百園頼音,必殺
ドラゴン座,107,黒沢丹九,テンション
ドラゴン座,108,番場長宏,キズナ
ドラゴン座,109,松戸科学,カウンター
ドラゴン座,110,巻谷錐,キズナ
ドラゴン座,111,阿基米久,ラフプレー
ドラゴン座,112,儀井具利夫,必殺
ドラゴン座,113,物図骸,キズナ
ドラゴン座,114,出門優雄,カウンター
ドラゴン座,115,黒棲幽人,カウンター
ドラゴン座,116,松土才円,テンション
ドラゴン座,117,四芭都小恋路,テンション
ドラゴン座,118,角塚手御那,キズナ
ドラゴン座,119,無敵蹴人,カウンター
ドラゴン座,120,横紙つん,キズナ
ドラゴン座,121,阿基栗栖,必殺
ドラゴン座,122,楽路素華,必殺
ドラゴン座,123,茂田井細子,カウンター
ドラゴン座,124,裏野番子,必殺
ドラゴン座,125,剛田快,キズナ
ドラゴン座,126,加納一活,テンション
ドラゴン座,127,諸葛亮,カウンター
ドラゴン座,128,工党千児,ラフプレー
ドラゴン座,129,シンジャミ,カウンター
ドラゴン座,130,綾部奉公郎,必殺
ドラゴン座,131,ヴェネト,必殺
ドラゴン座,132,ザタン,テンション
ドラゴン座,133,テラウ,キズナ
ドラゴン座,134,ダミアン・ルージュ,ラフプレー
ドラゴン座,135,刃槍蒼多,必殺
ドラゴン座,136,フランツ・ヴィオレ,カウンター
ドラゴン座,137,遠国伝ノ輔,キズナ
ドラゴン座,138,徐鈴庶,カウンター
ドラゴン座,139,メグ・ホンダ,必殺
ドラゴン座,140,砂木沼治,必殺
ドラゴン座,141,イムス,必殺
ドラゴン座,142,黄漢忠,キズナ
ドラゴン座,143,馬超孟,ラフプレー
ドラゴン座,144,黒部ゆき,テンション
ドラゴン座,145,ヘンジー・ストーンズ,ラフプレー
ドラゴン座,146,リック・ウォーリー,必殺
ドラゴン座,147,エル・シオン,ラフプレー
ドラゴン座,148,海原浴,キズナ
ドラゴン座,149,星美哉,ラフプレー
ドラゴン座,150,六実秀夫,必殺
ドラゴン座,151,郷敏男,必殺
ドラゴン座,152,カイ・吉崎,カウンター
ドラゴン座,153,氏家塔一,キズナ
ドラゴン座,154,山之内東洋,カウンター
ドラゴン座,155,落満博,ラフプレー
ドラゴン座,156,ロベルト・アンダーソン,テンション
ドラゴン座,157,恵比寿譲吾,キズナ
ドラゴン座,158,大豊隆介,ラフプレー
ドラゴン座,159,愛津紬,必殺
ドラゴン座,160,牛田猛臣,カウンター
ドラゴン座,161,長峰欽吾,必殺
ドラゴン座,162,松竹梅代,テンション
ドラゴン座,163,梅津山子,ラフプレー
ドラゴン座,164,日出力也,正義
ドラゴン座,165,伏見紫司,ラフプレー
ドラゴン座,166,角崎赤刃,必殺
ドラゴン座,167,守能論利,キズナ
ドラゴン座,168,珠切算莉,テンション
ドラゴン座,169,多田敷花丸,テンション
ドラゴン座,170,律ノ森こまち,正義
ハンド座,1,宝来凪人,カウンター
ハンド座,2,ロココ・ウルパ,カウンター
ハンド座,3,影浦透司,カウンター
ハンド座,4,六塔源蔵,キズナ
ハンド座,5,山薫壮大,テンション
ハンド座,6,円堂守,正義
ハンド座,7,塩谷ヒロ,カウンター
ハンド座,8,部灰炎,カウンター
ハンド座,9,金剛新,テンション
ハンド座,10,矢野球児,キズナ
ハンド座,11,三宅力丸,キズナ
ハンド座,12,勝海次,カウンター
ハンド座,13,包木宏明,カウンター
ハンド座,14,箸井邦明,カウンター
ハンド座,15,奈々星典斗,必殺
ハンド座,16,愛宕達平,カウンター
ハンド座,17,大久史也,正義
ハンド座,18,明星すばる,カウンター
ハンド座,19,薬師寺健,必殺
ハンド座,20,江田俊二,キズナ
ハンド座,21,羅馬久輝,テンション
ハンド座,22,香堂調,キズナ
ハンド座,23,岩沢碧海,カウンター
ハンド座,24,宇佐美将也,テンション
ハンド座,25,街野開矢,キズナ
ハンド座,26,段田正義,ラフプレー
ハンド座,27,衣留花充昭,必殺
ハンド座,28,鶴田時朗,正義
ハンド座,29,群馬草彦,必殺
ハンド座,30,錬山術,正義
ハンド座,31,発田三郎,キズナ
ハンド座,32,安川慎之介,ラフプレー
ハンド座,33,布原ヒロ,ラフプレー
ハンド座,34,山中圭,キズナ
ハンド座,35,前田剛,カウンター
ハンド座,36,唐拓郎,必殺
ハンド座,37,南瓜敬作,ラフプレー
ハンド座,38,浜崎克哉,カウンター
ハンド座,39,谷村刀麻,テンション
ハンド座,40,藤波貴真,カウンター
ハンド座,41,宮地弘也,必殺
ハンド座,42,森林進,ラフプレー
ハンド座,43,舞鶴浩正,正義
ハンド座,44,大崎練,テンション
ハンド座,45,早津愛輝,必殺
ハンド座,46,高間歩唯,キズナ
ハンド座,47,吉竹英利,キズナ
ハンド座,48,仁若芸知,ラフプレー
ハンド座,49,宜保兼勝,キズナ
ハンド座,50,会田力,必殺
ハンド座,51,木田悠翔,必殺
ハンド座,52,乗松響平,カウンター
ハンド座,53,旅本明宏,ラフプレー
ハンド座,54,古山真実,テンション
ハンド座,55,柴垣昌浩,カウンター
ハンド座,56,清水忠志,キズナ
ハンド座,57,名倉俊夫,必殺
ハンド座,58,津田珠音,キズナ
ハンド座,59,寺西富美子,必殺
ハンド座,60,宇宙航,正義
ハンド座,61,福川陽子,正義
ハンド座,62,白山恭男,テンション
ハンド座,63,大上為男,必殺
ハンド座,64,華吹宏作,ラフプレー
ハンド座,65,白坂映,キズナ
ハンド座,66,山田栄斗,テンション
ハンド座,67,宇野希望,必殺
ハンド座,68,樋口厚治郎,必殺
ハンド座,69,平岩竜太郎,必殺
ハンド座,70,吉勝美,キズナ
ハンド座,71,桂本健四郎,ラフプレー
ハンド座,72,ナセル・ムスタファ,ラフプレー
ハンド座,73,普久原野枝美,カウンター
ハンド座,74,タラル・ハマド,正義
ハンド座,75,チョウ・ミョンホ,テンション
ハンド座,76,フレディ・マックイーン,必殺
ハンド座,77,ロココ・ウルパ,カウンター
ハンド座,78,ギャレス・バレット,正義
ハンド座,79,ディンゴ,必殺
ハンド座,80,カバーロ・オリビエラ,カウンター
ハンド座,81,フォクス,ラフプレー
ハンド座,82,モンストロ,正義
ハンド座,83,アントン・ガッツーゾ,テンション
ハンド座,84,ロゼオ・ディアマンテ,必殺
ハンド座,85,ラモン・マルチネス,ラフプレー
ハンド座,86,ゾラニ・バロイ,テンション
ハンド座,87,五所涼太,テンション
ハンド座,88,属性賀特殊,ラフプレー
ハンド座,89,砂田サハラ,カウンター
ハンド座,90,真鳥佳子,必殺
ハンド座,91,赤切政辰,キズナ
ハンド座,92,長等準次,必殺
ハンド座,93,令官司,必殺
ハンド座,94,樫尾星五,カウンター
ハンド座,95,倉ノ院佐之助,必殺
ハンド座,96,三波十次,必殺
ハンド座,97,金成敦則,ラフプレー
ハンド座,98,鉄雄田政志,キズナ
ハンド座,99,狩屋マサキ,テンション
ハンド座,100,小坂元成,キズナ
ハンド座,101,猿賀操馬,キズナ
ハンド座,102,一之宮仁衣弥,カウンター
ハンド座,103,黒船威造,正義
ハンド座,104,井柳丈次,正義
ハンド座,105,千宮路大和,カウンター
ハンド座,106,安守地春,ラフプレー
ハンド座,107,蛇野巻人,必殺
ハンド座,108,鮎川瞬,テンション
ハンド座,109,小岩羊介,カウンター
ハンド座,110,歌舞天寺矢駈,必殺
ハンド座,111,道筋隈信,キズナ
ハンド座,112,奪川剛辰,ラフプレー
ハンド座,113,格根刃闘,カウンター
ハンド座,114,亀山牟狭士,ラフプレー
ハンド座,115,刺倉リン,ラフプレー
ハンド座,116,吉根九蔵,ラフプレー
ハンド座,117,美濃牟史,必殺
ハンド座,118,連山濱人,テンション
ハンド座,119,真次仁志,キズナ
ハンド座,120,須永穂摘,必殺
ハンド座,121,地瀬留介,ラフプレー
ハンド座,122,日比野清男,ラフプレー
ハンド座,123,紫水晶,テンション
ハンド座,124,佐渡丹樟,カウンター
ハンド座,125,四方山胴心,正義
ハンド座,126,回原蹴助,必殺
ハンド座,127,足黒芳一朗,カウンター
ハンド座,128,高円寺習也,テンション
ハンド座,129,お菓子刑事,必殺
ハンド座,130,特乃攻留,正義
ハンド座,131,鞠水都,必殺
ハンド座,132,目貫隻,キズナ
ハンド座,133,猫曽木一生,カウンター
ハンド座,134,ヤシャ,キズナ
ハンド座,135,スティア,必殺
ハンド座,136,ルード,ラフプレー
ハンド座,137,ババース,ラフプレー
ハンド座,138,比伊知美良,必殺
ハンド座,139,ヒナノ・マウピ,必殺
ハンド座,140,メアリ・ロビンソン,カウンター
ハンド座,141,小濱千次郎,カウンター
ハンド座,142,巻田数子,必殺
ハンド座,143,真盛均多留,カウンター
ハンド座,144,ケイン・ウィジェット,必殺
ハンド座,145,鈴森サイヤ,正義
ハンド座,146,カイオス・ダオ,カウンター
ハンド座,147,門守只人,キズナ
ハンド座,148,武党軍平,正義
ハンド座,149,王乃貞行,ラフプレー
ハンド座,150,大字稲花,カウンター
ハンド座,151,薬院広也,必殺
ハンド座,152,番大黒美,テンション
ハンド座,153,狭来来世,必殺
ハンド座,154,白田万兵衛,正義
ハンド座,155,隕石豪平,必殺
ハンド座,156,柳核,カウンター
ハンド座,157,田之村将星,正義
ハンド座,158,猪狩鉄太,ラフプレー
ハンド座,159,濁谷奈輝,カウンター
ハンド座,160,堅道屋次郎,正義
ハンド座,161,福沢導吉,ラフプレー
ハンド座,162,諏佐野央児,カウンター
ハンド座,163,太力雄岩史,ラフプレー
ハンド座,164,小山田俊介,必殺
ハンド座,165,江ノ口愛司郎,必殺
ハンド座,166,小松田一仙,ラフプレー
ハンド座,167,九条静子,キズナ
ハンド座,168,円堂大介,正義
ハンド座,169,荒矢大介,正義
ペンギン座,1,洞面秀一郎,カウンター
ペンギン座,2,バルバトス,ラフプレー
ペンギン座,3,音無春奈,キズナ
ペンギン座,4,大杉太,カウンター
ペンギン座,5,多聞北玄,キズナ
ペンギン座,6,西郷隆,テンション
ペンギン座,7,牧谷寛,ラフプレー
ペンギン座,8,渋木翔大,ラフプレー
ペンギン座,9,恵那和樹,必殺
ペンギン座,10,椋本圭,テンション
ペンギン座,11,佐久間次郎,カウンター
ペンギン座,12,寺門大貴,ラフプレー
ペンギン座,13,鬼道有人,正義
ペンギン座,14,南陸極,必殺
ペンギン座,15,榎本武,正義
ペンギン座,16,烈風金道,必殺
ペンギン座,17,水草陽之,テンション
ペンギン座,18,吉備桃太郎,キズナ
ペンギン座,19,滋賀圭作,キズナ
ペンギン座,20,馬頭鋭気,テンション
ペンギン座,21,日柄美照,正義
ペンギン座,22,岐阜悠紀,必殺
ペンギン座,23,弥谷剣五,キズナ
ペンギン座,24,竺和了,正義
ペンギン座,25,帯屋歴人,カウンター
ペンギン座,26,池州宗彦,テンション
ペンギン座,27,馬場信輔,正義
ペンギン座,28,鯉真精児,キズナ
ペンギン座,29,比得呂介,必殺
ペンギン座,30,水上渡,ラフプレー
ペンギン座,31,片倉慈音,正義
ペンギン座,32,佐久間次郎,必殺
ペンギン座,33,戸次弘佑,ラフプレー
ペンギン座,34,相馬善鬼,必殺
ペンギン座,35,池宮城波留,キズナ
ペンギン座,36,八代桃子,カウンター
ペンギン座,37,牛島理恵,ラフプレー
ペンギン座,38,本間美雨,必殺
ペンギン座,39,政池祥多,キズナ
ペンギン座,40,岡室明久,キズナ
ペンギン座,41,小山千枝里,正義
ペンギン座,42,能島政和,テンション
ペンギン座,43,小笠原宏紀,カウンター
ペンギン座,44,馬見おさむ,ラフプレー
ペンギン座,45,中原寿司,必殺
ペンギン座,46,吉田数人,ラフプレー
ペンギン座,47,斧山峰生,テンション
ペンギン座,48,竹谷八千穂,テンション
ペンギン座,49,倉島麻緒,ラフプレー
ペンギン座,50,光木淳志,キズナ
ペンギン座,51,虎西白次,正義
ペンギン座,52,鹿内英文,正義
ペンギン座,53,デモーニオ・ストラーダ,ラフプレー
ペンギン座,54,雀南朱美,必殺
ペンギン座,55,不動明王,ラフプレー
ペンギン座,56,ダニエル・バラック,カウンター
ペンギン座,57,押尾栄吉,必殺
ペンギン座,58,笹山寛生,ラフプレー
ペンギン座,59,武北玄宗,カウンター
ペンギン座,60,河原大二郎,正義
ペンギン座,61,ペドロ・モレノ,ラフプレー
ペンギン座,62,竜東青士郎,必殺
ペンギン座,63,ヘゼキエル・デビリアズ,正義
ペンギン座,64,レジー・イネス,キズナ
ペンギン座,65,針根津哲成,テンション
ペンギン座,66,有袋千愛,正義
ペンギン座,67,鴨野奏絵,必殺
ペンギン座,68,羊谷倫義,必殺
ペンギン座,69,山羊村相気,キズナ
ペンギン座,70,袋熊輝幸,必殺
ペンギン座,71,獅子谷音目矢,必殺
ペンギン座,72,多賀谷鯰,必殺
ペンギン座,73,人狼邦暁,テンション
ペンギン座,74,牛窓壮太,ラフプレー
ペンギン座,75,佐太豪之介,テンション
ペンギン座,76,利根川智夏,キズナ
ペンギン座,77,小熊坂洲,ラフプレー
ペンギン座,78,針山マチヲ,キズナ
ペンギン座,79,蟹江亜留太,必殺
ペンギン座,80,猪八戒,キズナ
ペンギン座,81,孫斗雲,正義
ペンギン座,82,羊家ハマル,正義
ペンギン座,83,沙悟浄,カウンター
ペンギン座,84,向坂悟,テンション
ペンギン座,85,魚勝紐夫,必殺
ペンギン座,86,洞沢秀二,キズナ
ペンギン座,87,五木勝正,正義
ペンギン座,88,飛鳥寺朔也,カウンター
ペンギン座,89,大瀧殿男,ラフプレー
ペンギン座,90,成田賢也,正義
ペンギン座,91,サスケ,キズナ
ペンギン座,92,雅野麗一,テンション
ペンギン座,93,蒲田太留彦,テンション
ペンギン座,94,茂日寛太,正義
ペンギン座,95,逸見久仁彦,キズナ
ペンギン座,96,佐々鬼厳,必殺
ペンギン座,97,増荒門輝,キズナ
ペンギン座,98,御門春馬,正義
ペンギン座,99,中邑未散,テンション
ペンギン座,100,華村薫,必殺
ペンギン座,101,吉野大,テンション
ペンギン座,102,増長朱南,キズナ
ペンギン座,103,持国東青美,キズナ
ペンギン座,104,広目西白子,カウンター
ペンギン座,105,郷戸羊之介,キズナ
ペンギン座,106,安室泰雅,必殺
ペンギン座,107,蜂花蜜子,必殺
ペンギン座,108,鎌井川桐也,必殺
ペンギン座,109,獅子原哮,キズナ
ペンギン座,110,寺坂トキオ,カウンター
ペンギン座,111,針鼠児蓮,ラフプレー
ペンギン座,112,早矢馬鏑郎,正義
ペンギン座,113,サトス,カウンター
ペンギン座,114,井野部キーコ,正義
ペンギン座,115,鬼道有人,必殺
ペンギン座,116,穂村英輔,カウンター
ペンギン座,117,元屋敷空輝,正義
ペンギン座,118,陣野アシュレイ,正義
ペンギン座,119,安座ナオイチ,ラフプレー
ペンギン座,120,殿崎テオ,キズナ
ペンギン座,121,本能寺音海,キズナ
ペンギン座,122,星見沢キョウ,ラフプレー
ペンギン座,123,霊道界也,テンション
ペンギン座,124,盟帝央煌,ラフプレー
ペンギン座,125,夜桜志々雄,必殺
ペンギン座,126,江流崎英知,テンション
ペンギン座,127,鉄柱道助,必殺
ペンギン座,128,堀内保乃加,キズナ
ペンギン座,129,戦導真凛,正義
ペンギン座,130,叶射那,テンション
ペンギン座,131,二代目,正義
ペンギン座,132,宮園雅子,キズナ
ホイッスル座,1,成神健也,必殺
ホイッスル座,2,増谷乃流,カウンター
ホイッスル座,3,マック・ロニージョ,カウンター
ホイッスル座,4,神童拓人,正義
ホイッスル座,5,星野隆平,必殺
ホイッスル座,6,日武禄郎,正義
ホイッスル座,7,弁天正市,ラフプレー
ホイッスル座,8,民山謡,カウンター
ホイッスル座,9,雉端練人,テンション
ホイッスル座,10,田主丸茂樹,正義
ホイッスル座,11,符呂暮岩生,正義
ホイッスル座,12,魔界崇雄,キズナ
ホイッスル座,13,少林寺歩,キズナ
ホイッスル座,14,音尾風雅,カウンター
ホイッスル座,15,僧野景市,必殺
ホイッスル座,16,歌場創人,キズナ
ホイッスル座,17,西嶋路美,正義
ホイッスル座,18,天道陽光,ラフプレー
ホイッスル座,19,符川芳正,ラフプレー
ホイッスル座,20,児田山彦,キズナ
ホイッスル座,21,文月育緒,正義
ホイッスル座,22,富良民吾,ラフプレー
ホイッスル座,23,トン・ニーノ,テンション
ホイッスル座,24,風間弦,必殺
ホイッスル座,25,保志野光,キズナ
ホイッスル座,26,七色声司,必殺
ホイッスル座,27,響恭一,テンション
ホイッスル座,28,汐崎怜央,正義
ホイッスル座,29,歌田澄人,テンション
ホイッスル座,30,小関塁,正義
ホイッスル座,31,舞谷染五郎,カウンター
ホイッスル座,32,重田光臣,ラフプレー
ホイッスル座,33,越間巨樹,ラフプレー
ホイッスル座,34,山上扶樹,キズナ
ホイッスル座,35,永井照生,カウンター
ホイッスル座,36,五味一樹,ラフプレー
ホイッスル座,37,謝花サンゴ,テンション
ホイッスル座,38,玉田康文,キズナ
ホイッスル座,39,赤嶺宏昭,正義
ホイッスル座,40,音村楽也,カウンター
ホイッスル座,41,八田秀隆,ラフプレー
ホイッスル座,42,道端詠,ラフプレー
ホイッスル座,43,録田寛治,キズナ
ホイッスル座,44,盤屋三郎,キズナ
ホイッスル座,45,万博美,ラフプレー
ホイッスル座,46,針羅憲史,必殺
ホイッスル座,47,髪丸速人,正義
ホイッスル座,48,日方紀緒,必殺
ホイッスル座,49,田尾大二郎,カウンター
ホイッスル座,50,和久井祐子,テンション
ホイッスル座,51,村部貴弘,カウンター
ホイッスル座,52,我孫子郁洋,ラフプレー
ホイッスル座,53,迫田麻美,ラフプレー
ホイッスル座,54,土屋恵斗,ラフプレー
ホイッスル座,55,細谷悦司,キズナ
ホイッスル座,56,万司拓光,キズナ
ホイッスル座,57,弓家礼司,カウンター
ホイッスル座,58,平沢雅也,テンション
ホイッスル座,59,藤本久雄,正義
ホイッスル座,60,猪俣晃次,必殺
ホイッスル座,61,高崎雅彦,必殺
ホイッスル座,62,手島新子,キズナ
ホイッスル座,63,千曲由美,テンション
ホイッスル座,64,羽柴佳夏,必殺
ホイッスル座,65,千鳥八重奈,正義
ホイッスル座,66,村越紀洋,ラフプレー
ホイッスル座,67,牧口匠,ラフプレー
ホイッスル座,68,本条宝冠,必殺
ホイッスル座,69,宮院満理子,テンション
ホイッスル座,70,聖山七夕,テンション
ホイッスル座,71,鳥原剛基,テンション
ホイッスル座,72,安次嶺ティナ,テンション
ホイッスル座,73,新宅妃早子,ラフプレー
ホイッスル座,74,淡口真亜奈,キズナ
ホイッスル座,75,部島亨,ラフプレー
ホイッスル座,76,後関尚生,カウンター
ホイッスル座,77,久仁統,カウンター
ホイッスル座,78,長谷川美杏,必殺
ホイッスル座,79,エリック・パープルトン,カウンター
ホイッスル座,80,ポール・アップルトン,テンション
ホイッスル座,81,ガト,必殺
ホイッスル座,82,ステファン・エノ,キズナ
ホイッスル座,83,メイガー・ネイサン,カウンター
ホイッスル座,84,美良野管津夫,カウンター
ホイッスル座,85,イェンス・ホフマン,テンション
ホイッスル座,86,煌多滋亜,テンション
ホイッスル座,87,善峯育次郎,ラフプレー
ホイッスル座,88,津軽鏡子,ラフプレー
ホイッスル座,89,安仁里杏,テンション
ホイッスル座,90,肝付貴美,正義
ホイッスル座,91,琴弾富士子,ラフプレー
ホイッスル座,92,赤頭巾,カウンター
ホイッスル座,93,中目栞,ラフプレー
ホイッスル座,94,闇音香恵羅,キズナ
ホイッスル座,95,油谷パーム,必殺
ホイッスル座,96,往馬弥糸,カウンター
ホイッスル座,97,丹羽麻浅,カウンター
ホイッスル座,98,真柄若佐,正義
ホイッスル座,99,桃染月羽,必殺
ホイッスル座,100,傘手降,必殺
ホイッスル座,101,天秤明日人,キズナ
ホイッスル座,102,二面双子,必殺
ホイッスル座,103,陽神ラー,テンション
ホイッスル座,104,射手飼洲,正義
ホイッスル座,105,世良田美愛,カウンター
ホイッスル座,106,衣主多亜子,キズナ
ホイッスル座,107,巻尺李凡,テンション
ホイッスル座,108,杭全親助,ラフプレー
ホイッスル座,109,清水柳人,ラフプレー
ホイッスル座,110,裁切子,正義
ホイッスル座,111,宗像小助,キズナ
ホイッスル座,112,風秋ヨネ,正義
ホイッスル座,113,梅宮チャコ,必殺
ホイッスル座,114,森元海斗,テンション
ホイッスル座,115,羽夜姫盛子,テンション
ホイッスル座,116,珠田院,キズナ
ホイッスル座,117,片無月人,カウンター
ホイッスル座,118,赤戸知里,正義
ホイッスル座,119,櫛名田土岐,キズナ
ホイッスル座,120,祝部兵狼,必殺
ホイッスル座,121,入道一目,必殺
ホイッスル座,122,根井路琴美,ラフプレー
ホイッスル座,123,挟山則生,必殺
ホイッスル座,124,嘉永留吉,正義
ホイッスル座,125,山田太一,キズナ
ホイッスル座,126,耳野輪子,ラフプレー
ホイッスル座,127,雁谷咲美寿,必殺
ホイッスル座,128,蔵魔宇山,キズナ
ホイッスル座,129,狐火祭,カウンター
ホイッスル座,130,五水露吏,ラフプレー
ホイッスル座,131,石寺操士郎,正義
ホイッスル座,132,狐火叫,カウンター
ホイッスル座,133,古俵木ノ実,カウンター
ホイッスル座,134,棄武驚多,正義
ホイッスル座,135,二本育麻,正義
ホイッスル座,136,トン・ニーノ,テンション
ホイッスル座,137,咲良桃香,テンション
ホイッスル座,138,天塚テクノ,ラフプレー
ホイッスル座,139,世都内家永,正義
ホイッスル座,140,硬杉強次郎,正義
ホイッスル座,141,利入符令守,必殺
ホイッスル座,142,桃山ミコ,キズナ
ホイッスル座,143,途坊クレ,テンション
ホイッスル座,144,笹呉華芽,キズナ
ホイッスル座,145,ジョン・ビート,カウンター
ホイッスル座,146,音出哮人,テンション
ホイッスル座,147,軌寺電悟,キズナ
ホイッスル座,148,口柱健介,テンション
ホイッスル座,149,四つ角敬里,キズナ
ホイッスル座,150,波形量正,正義
ホイッスル座,151,四つ角敬里,キズナ
マジン・座,1,猪狩強利貴,キズナ
マジン・座,2,紀伊渡茂数,キズナ
マジン・座,3,ザノウ,キズナ
マジン・座,4,シュテン,必殺
マジン・座,5,井出乗数,カウンター
マジン・座,6,龍崎皇児,ラフプレー
マジン・座,7,篠山ミツル,必殺
マジン・座,8,光良夜桜,ラフプレー
マジン・座,9,隼総英聖,カウンター
マジン・座,10,西園信助,テンション
マジン・座,11,稲葉夏樹,カウンター
マジン・座,12,歩星呑一,必殺
マジン・座,13,浪川蓮助,キズナ
マジン・座,14,湾田七雄人,キズナ
マジン・座,15,兵頭司,テンション
マジン・座,16,真狩銀次郎,正義
マジン・座,17,一文字斬斗,正義
マジン・座,18,雪村豹牙,テンション
マジン・座,19,根淵海友,テンション
マジン・座,20,硬山強,カウンター
マジン・座,21,雨宮太陽,キズナ
マジン・座,22,佐田土佐丸,カウンター
マジン・座,23,不知火幻一,必殺
マジン・座,24,不知火影二,テンション
マジン・座,25,真帆路正,正義
マジン・座,26,貴志部大河,正義
マジン・座,27,箱野随一,必殺
マジン・座,28,天瀬玲亜,必殺
マジン・座,29,日向理恩,正義
マジン・座,30,護巻徹郎,必殺
マジン・座,31,黒裂真命,テンション
マジン・座,32,郷石閃真,カウンター
マジン・座,33,神山豪之伸,テンション
マジン・座,34,五味清栄,テンション
マジン・座,35,星井剛志,正義
マジン・座,36,聖城将護,正義
マジン・座,37,牛頭真武之,テンション
マジン・座,38,御殿場享,キズナ
マジン・座,39,江崎映,テンション
マジン・座,40,後藤結界,ラフプレー
マジン・座,41,合川賢,ラフプレー
マジン・座,42,伍代慎吾,テンション
マジン・座,43,御戸翔,正義
マジン・座,44,青銅弾,正義
マジン・座,45,鬼塚平太,カウンター
マジン・座,46,悠木譲,テンション
マジン・座,47,林音真琴,テンション
マジン・座,48,カイ,正義
マジン・座,49,白鷺央,必殺
マジン・座,50,海月水姫,キズナ
マジン・座,51,白夜僧輔,正義
マジン・座,52,黒沢騎平,テンション
マジン・座,53,黒王媛子,必殺
マジン・座,54,黒王主,正義
マジン・座,55,黒沢僧吉,テンション
マジン・座,56,白木ポンタ,カウンター
マジン・座,57,白夜短句朗,必殺
マジン・座,58,白鷺弓音,ラフプレー
マジン・座,59,黒石プースケ,正義
マジン・座,60,白夜那緋人,ラフプレー
マジン・座,61,舞嶺武六,キズナ
マジン・座,62,恐山頑太,必殺
マジン・座,63,地獄沼髑髏江,正義
マジン・座,64,神崎紫乃,キズナ
マジン・座,65,メグ・ホンダ,キズナ
マジン・座,66,黒石ポンスケ,必殺
マジン・座,67,ケイ・ロウ,カウンター
マジン・座,68,フェイ・ルーン,必殺
マジン・座,69,ファ・ニール,カウンター
マジン・座,70,ラセツ,カウンター
マジン・座,71,エミ・ウル,ラフプレー
マジン・座,72,俄然則丸,ラフプレー
マジン・座,73,シュラ,テンション
マジン・座,74,クオース,カウンター
マジン・座,75,ルジク,カウンター
マジン・座,76,ファダム,カウンター
マジン・座,77,ダイ・ロード,カウンター
マジン・座,78,ガロ,テンション
マジン・座,79,ロデオ,正義
マジン・座,80,ゼイク,テンション
マジン・座,81,ブーフウ,キズナ
マジン・座,82,ヨッカ,テンション
マジン・座,83,チビット,キズナ
マジン・座,84,円堂大介,正義
マジン・座,85,枯薄月丸,必殺
マジン・座,86,如月まこ,テンション
マジン・座,87,兵馬俑ノ拾,カウンター
マジン・座,88,メカ円堂,必殺
マジン・座,89,ホス,必殺
マジン・座,90,ニケ,カウンター
ミサンガ座,1,吉備津頼児,テンション
ミサンガ座,2,支倉美月,正義
ミサンガ座,3,乙女乃スピカ,テンション
ミサンガ座,4,凄井アタリ,正義
ミサンガ座,5,喜峰岬,テンション
ミサンガ座,6,秋山海里,ラフプレー
ミサンガ座,7,愛須英流沙,正義
ミサンガ座,8,五十部絵里花,カウンター
ミサンガ座,9,御堂玲華,必殺
ミサンガ座,10,館野舞,カウンター
ミサンガ座,11,梅田陽海,カウンター
ミサンガ座,12,田辺さやか,正義
ミサンガ座,13,白菊悠人,正義
ミサンガ座,14,沢田千早花,必殺
ミサンガ座,15,見野百合香,ラフプレー
ミサンガ座,16,孝橋来夏,正義
ミサンガ座,17,古都紬,ラフプレー
ミサンガ座,18,ジャッロ・トパーツィオ,キズナ
ミサンガ座,19,堂垣時沙,ラフプレー
ミサンガ座,20,ジャン・ギュタン,ラフプレー
ミサンガ座,21,ジュリアン・ルソー,ラフプレー
ミサンガ座,22,魚吹華,キズナ
ミサンガ座,23,朝長郁海,正義
ミサンガ座,24,舞姫華夜,キズナ
ミサンガ座,25,鵜坂有加里,キズナ
ミサンガ座,26,小流古リオ,テンション
ミサンガ座,27,連環貂子,カウンター
ミサンガ座,28,石手実奈美,必殺
ミサンガ座,29,白鷺朱純,テンション
ミサンガ座,30,ギュエール,カウンター
ミサンガ座,31,垣添涼奈,正義
ミサンガ座,32,革包ビアンカ,必殺
ミサンガ座,33,籾井智朝,テンション
ミサンガ座,34,佐曽利アン,必殺
ミサンガ座,35,戸津府超子,カウンター
ミサンガ座,36,尾辺良歌子,キズナ
ミサンガ座,37,隠辺秋芭,ラフプレー
ミサンガ座,38,触多ポルテ,テンション
ミサンガ座,39,東海林タケル,キズナ
ミサンガ座,40,林野不二子,ラフプレー
ミサンガ座,41,風間麗美,必殺
ミサンガ座,42,星降香宮夜,キズナ
ミサンガ座,43,雛乃金輔,カウンター
ミサンガ座,44,大徳チュール,キズナ
ミサンガ座,45,着矢琉可愛,ラフプレー
ミサンガ座,46,犬飼咆子,キズナ
ミサンガ座,47,露海琉美,必殺
ミサンガ座,48,大社蛇巳,ラフプレー
ミサンガ座,49,讃瞳律世,カウンター
ミサンガ座,50,椎名沙亜耶,テンション
ミサンガ座,51,白雪姫子,キズナ
ミサンガ座,52,色槻加羅,ラフプレー
ミサンガ座,53,長田銀杏,正義
ミサンガ座,54,三都美美花,必殺
ミサンガ座,55,五水有栖,キズナ
ミサンガ座,56,笛水忍,カウンター
ミサンガ座,57,門脇瑞菜,キズナ
ミサンガ座,58,奈諏ころん,正義
ミサンガ座,59,宇佐美ツ実,テンション
ミサンガ座,60,麩羽りぼん,必殺
ミサンガ座,61,物部黒胡,ラフプレー
ミサンガ座,62,藻雲もこ,キズナ
ミサンガ座,63,弓兎ナコ,カウンター
ミサンガ座,64,霜桐おこじょ,キズナ
ミサンガ座,65,歩須風澄,キズナ
ミサンガ座,66,原野愛,カウンター
ミサンガ座,67,霜桐みとん,テンション
ミサンガ座,68,ベータ,テンション
ミサンガ座,69,虹橋レイン,ラフプレー
ミサンガ座,70,豪炎寺夕香,必殺
ミサンガ座,71,シパ・ヌイイ,キズナ
ミサンガ座,72,香坂幸恵,カウンター
ミサンガ座,73,マイ,テンション
ミサンガ座,74,チェル,必殺
ミサンガ座,75,ローコ,必殺
ミサンガ座,76,夜須天慧,テンション
ミサンガ座,77,モリー,必殺
ミサンガ座,78,仏野粉乃,正義
ミサンガ座,79,仲見世茶代,ラフプレー
ミサンガ座,80,丹勢谷宗次,キズナ
ミサンガ座,81,セルジュ・ノワール,キズナ
ミサンガ座,82,雨道未理科,正義
ミサンガ座,83,多聞花蓮,キズナ
ミサンガ座,84,梅雨咲多恵,テンション
ミサンガ座,85,井馬里陽愛,テンション
ミサンガ座,86,銀鐘綺冷,カウンター
ミサンガ座,87,御香美瀬恋,テンション
ミサンガ座,88,妃睡深夜奈,キズナ
ミサンガ座,89,姉ヶ崎聖子,ラフプレー
ミサンガ座,90,清見津千鶴,カウンター
ミサンガ座,91,天条天未,テンション
ミサンガ座,92,紫乃宮笠音,カウンター
ミサンガ座,93,雅名麗華,カウンター
ミサンガ座,94,文芸葉月,ラフプレー
ミサンガ座,95,エリザ・マノン,正義
ミサンガ座,96,明童芽衣奈,必殺
ミサンガ座,97,狩部蘭子,カウンター
ミサンガ座,98,観月路子,必殺
メガネ座,1,目金欠流,正義
メガネ座,2,サタナトス,テンション
メガネ座,3,ジュゼッペ・カンナバロ,カウンター
メガネ座,4,ジョニー・オータム,正義
メガネ座,5,立見律子,必殺
メガネ座,6,水口精司,必殺
メガネ座,7,呂簿合機,カウンター
メガネ座,8,漫画萌,キズナ
メガネ座,9,相戸留捜,テンション
メガネ座,10,自作派流,キズナ
メガネ座,11,室伏恐,必殺
メガネ座,12,大部信,キズナ
メガネ座,13,家守優司,テンション
メガネ座,14,歌川誠,正義
メガネ座,15,菅田厳,正義
メガネ座,16,戎正義,必殺
メガネ座,17,羽生辰巳,カウンター
メガネ座,18,海皇星児,必殺
メガネ座,19,師走洋次,必殺
メガネ座,20,宇田川光臣,テンション
メガネ座,21,成田覚,ラフプレー
メガネ座,22,牧場羊一,正義
メガネ座,23,暮連勤,テンション
メガネ座,24,平賀源,カウンター
メガネ座,25,形創,テンション
メガネ座,26,矢形王星,正義
メガネ座,27,香元薫,テンション
メガネ座,28,号田具流,テンション
メガネ座,29,光明寺聡明,キズナ
メガネ座,30,駒込豆太,ラフプレー
メガネ座,31,波乗輔,キズナ
メガネ座,32,木曽久順,正義
メガネ座,33,先手勝,正義
メガネ座,34,武部紅乃,テンション
メガネ座,35,金矢昌玄,カウンター
メガネ座,36,筒井灯,ラフプレー
メガネ座,37,高森さおり,正義
メガネ座,38,深谷竜人,テンション
メガネ座,39,君島友紀,カウンター
メガネ座,40,西村和幸,ラフプレー
メガネ座,41,佐田展和,必殺
メガネ座,42,安森信也,正義
メガネ座,43,朝倉良平,キズナ
メガネ座,44,徳永悦郎,ラフプレー
メガネ座,45,小門珠美,テンション
メガネ座,46,若泉政基,キズナ
メガネ座,47,本木忠美,ラフプレー
メガネ座,48,目金一斗,テンション
メガネ座,49,有働澄也,カウンター
メガネ座,50,チャ・ジョンウォン,テンション
メガネ座,51,サーフ・ウィンダス,必殺
メガネ座,52,率川桂牙,カウンター
メガネ座,53,吹連津栄,キズナ
メガネ座,54,ピーター・コール,キズナ
メガネ座,55,伊和千菜美,カウンター
メガネ座,56,沙沙優生,必殺
メガネ座,57,キート・ライアンド,カウンター
メガネ座,58,柳川航希,テンション
メガネ座,59,ディラン・キース,カウンター
メガネ座,60,ジニー・ゲイノ,カウンター
メガネ座,61,助松早呉郎,カウンター
メガネ座,62,土岐誠吾,テンション
メガネ座,63,通輪乗香,正義
メガネ座,64,滅都被,正義
メガネ座,65,西出陽和,ラフプレー
メガネ座,66,音九番堂,キズナ
メガネ座,67,三定大,カウンター
メガネ座,68,猪名野右平,正義
メガネ座,69,雅岡詩紀,正義
メガネ座,70,紅葉一二三,必殺
メガネ座,71,冴渡優一郎,テンション
メガネ座,72,雪地蛍壱,カウンター
メガネ座,73,近代知学,ラフプレー
メガネ座,74,書崎育,カウンター
メガネ座,75,服呂哲也,ラフプレー
メガネ座,76,名詰欽佑,キズナ
メガネ座,77,三重内光太,ラフプレー
メガネ座,78,谷崎純治,キズナ
メガネ座,79,国木哲夫,キズナ
メガネ座,80,暗谷正運,ラフプレー
メガネ座,81,西野空宵一,カウンター
メガネ座,82,紙平儀造,ラフプレー
メガネ座,83,白都聖志郎,必殺
メガネ座,84,飯井雄志,キズナ
メガネ座,85,小早川槍吉,カウンター
メガネ座,86,安須竜一,必殺
メガネ座,87,浅賀伸彦,カウンター
メガネ座,88,最崎至,必殺
メガネ座,89,紫陽花作,カウンター
メガネ座,90,伊富寅太,ラフプレー
メガネ座,91,小樽港太郎,必殺
メガネ座,92,松石林太郎,テンション
メガネ座,93,甲斐信武,キズナ
メガネ座,94,五条勝,必殺
メガネ座,95,笹塚通真,キズナ
メガネ座,96,美里尉利多,カウンター
メガネ座,97,摩摺錦一,テンション
メガネ座,98,大田久兵衛,必殺
メガネ座,99,欠陶拳太郎,正義
メガネ座,100,有波隆範,必殺
メガネ座,101,車井翻五郎,必殺
メガネ座,102,生椙聖尾子,ラフプレー
メガネ座,103,椎樹茸乃,正義
メガネ座,104,安剛掛,ラフプレー
メガネ座,105,明析智利,キズナ
メガネ座,106,丸盤條樹,キズナ
メガネ座,107,陽光稚佐,ラフプレー
メガネ座,108,田渕蔵三,正義
メガネ座,109,研究理化子,正義
メガネ座,110,三干支健一,カウンター
メガネ座,111,一高山狼,正義
メガネ座,112,漕輪競一,必殺
メガネ座,113,戸輪憲索,正義
メガネ座,114,雲丹解時夫,ラフプレー
メガネ座,115,府丁伊月,カウンター
メガネ座,116,奈母レオン,キズナ
メガネ座,117,宮根時印,必殺
メガネ座,118,ディー・ジェイクマン,テンション
メガネ座,119,稲富二ノ兵衛,必殺
メガネ座,120,群田球,ラフプレー
メガネ座,121,穂田望素,ラフプレー
メガネ座,122,東堂保架郎,テンション
メガネ座,123,森聡,必殺
メガネ座,124,蜂矢百芽,キズナ
メガネ座,125,ウォーリー,キズナ
メガネ座,126,比古光留,ラフプレー
メガネ座,127,チビット,正義
メガネ座,128,デブーン,正義
メガネ座,129,ゾタン,必殺
メガネ座,130,ドリス,ラフプレー
メガネ座,131,フミータ,テンション
メガネ座,132,アダム・センセージュ,テンション
メガネ座,133,茶井茉莉,カウンター
メガネ座,134,安良垣泰無,必殺
メガネ座,135,塙主守留,キズナ
メガネ座,136,メグ・ホンダ,テンション
メガネ座,137,リアナ・ムーンホース,正義
メガネ座,138,グゥミ,カウンター
メガネ座,139,角馬歩,必殺
メガネ座,140,加地閲人,テンション
メガネ座,141,二四中常太,ラフプレー
メガネ座,142,知留逢斗,正義
メガネ座,143,伊勢谷要,必殺
メガネ座,144,赤城一斗,カウンター
メガネ座,145,丸目舞美,テンション
メガネ座,146,万部長夢,カウンター
メガネ座,147,更井新太,ラフプレー
メガネ座,148,学舎電人,カウンター
メガネ座,149,聞土敢太,テンション
メガネ座,150,及部正男,テンション
メガネ座,151,幾重孫一,ラフプレー
メガネ座,152,杏羽陶冶,テンション
メガネ座,153,金星やつる,カウンター
メガネ座,154,北野香里,正義
メガネ座,155,月瓦玄作,テンション
メガネ座,156,七種玲良,ラフプレー
メガネ座,157,新渡戸伝造,キズナ
メガネ座,158,小野妹古,キズナ
メガネ座,159,北里岳三郎,必殺
メガネ座,160,与那国活次,必殺
メガネ座,161,新野亀吉,カウンター
メガネ座,162,影山零治,テンション
メガネ座,163,計智数,テンション
メガネ座,164,計智数,正義
メガネ座,165,栄西教一,必殺
ヴィクトリー座,1,忍原来夏,カウンター
ヴィクトリー座,2,星村ナオ,キズナ
ヴィクトリー座,3,好街貴良,カウンター
ヴィクトリー座,4,西條リル,必殺
ヴィクトリー座,5,湯元千南,カウンター
ヴィクトリー座,6,妖士乃銀郎,正義
ヴィクトリー座,7,牛島突五郎,ラフプレー
ヴィクトリー座,8,木曽路兵太,キズナ
ヴィクトリー座,9,古道飼亀雄,カウンター
ヴィクトリー座,10,四川堂我流,正義
ヴィクトリー座,11,柳生駿河,テンション
ヴィクトリー座,12,笹波雲明,正義
ヴィクトリー座,13,桜咲丈二,カウンター
ヴィクトリー座,14,福良むすび,キズナ
ヴィクトリー座,15,月影蓮,正義
ヴィクトリー座,16,円堂ハル,必殺
ヴィクトリー座,17,赤馬明道,テンション
ヴィクトリー座,18,遠野善弥,必殺
ヴィクトリー座,19,紫雨雄介,正義
ヴィクトリー座,20,暖冬屋哉太,正義
ヴィクトリー座,21,天宮寺嶺,カウンター
ヴィクトリー座,22,品乃雅士,テンション
ヴィクトリー座,23,友部仁,テンション
ヴィクトリー座,24,乙女仙次郎,必殺
ヴィクトリー座,25,空宮征,必殺
ヴィクトリー座,26,鬼門悟,正義
ヴィクトリー座,27,春日玲央,カウンター
ヴィクトリー座,28,嵐大佑,テンション
ヴィクトリー座,29,Ｃグマ,ラフプレー
ヴィクトリー座,30,船舎奨,カウンター
ヴィクトリー座,31,屯田万稔,カウンター
ヴィクトリー座,32,城壁道三瓶,必殺
ヴィクトリー座,33,矢倉隆仁,ラフプレー
ヴィクトリー座,34,市尾太郎,ラフプレー
ヴィクトリー座,35,下鶴改,必殺
ヴィクトリー座,36,松田秀介,カウンター
ヴィクトリー座,37,小谷翔,カウンター
ヴィクトリー座,38,次乃エイス,必殺
ヴィクトリー座,39,千乃茉莉歌,テンション
ヴィクトリー座,40,真地米直子,ラフプレー
ヴィクトリー座,41,小茂英郎,テンション
ヴィクトリー座,42,金庄蒼志,ラフプレー
ヴィクトリー座,43,梅坂大地,テンション
ヴィクトリー座,44,星谷隆仙,必殺
ヴィクトリー座,45,ジェニー・オクトーバー,必殺
ヴィクトリー座,46,長尾茂,カウンター
ヴィクトリー座,47,チャウ・メイ,カウンター
ヴィクトリー座,48,ジュディ・カシオス,必殺
ヴィクトリー座,49,トレバー・ウィルソン,必殺
ヴィクトリー座,50,エドモンド・ピアース,テンション
ヴィクトリー座,51,新黒湖南,必殺
ヴィクトリー座,52,屋城統,ラフプレー
ヴィクトリー座,53,猛場郎寿,ラフプレー
ヴィクトリー座,54,七街道八九,必殺
ヴィクトリー座,55,周船礼太,正義
ヴィクトリー座,56,宝舟大波,ラフプレー
ヴィクトリー座,57,面谷その子,必殺
ヴィクトリー座,58,復禄豪治,カウンター
ヴィクトリー座,59,蒲田夢道,カウンター
ヴィクトリー座,60,不破アリス,カウンター
ヴィクトリー座,61,室見宏光,正義
ヴィクトリー座,62,寺前レイル,ラフプレー
ヴィクトリー座,63,雛菊姫真里,カウンター
ヴィクトリー座,64,早風敏信,ラフプレー
ヴィクトリー座,65,鮫川颯,テンション
ヴィクトリー座,66,師走直大,カウンター
ヴィクトリー座,67,海野長十郎,テンション
ヴィクトリー座,68,天倉舞麻,ラフプレー
ヴィクトリー座,69,地枝大寿,必殺
ヴィクトリー座,70,伊座那義勇,必殺
ヴィクトリー座,71,刃家玖音,テンション
ヴィクトリー座,72,等々川セオ,ラフプレー
ヴィクトリー座,73,泡田飯彦,キズナ
ヴィクトリー座,74,手結代ゆらの,キズナ
ヴィクトリー座,75,笑ノ宮真夏,カウンター
ヴィクトリー座,76,土上勇武,必殺
ヴィクトリー座,77,御倉場レアル,テンション
ヴィクトリー座,78,等々川セオ,カウンター
ヴィクトリー座,79,泡田飯彦,テンション
ヴィクトリー座,80,手結代ゆらの,必殺
ヴィクトリー座,81,笑ノ宮真夏,正義
ヴィクトリー座,82,渋沢栄宏,カウンター
ヴィクトリー座,83,聖徳太郎,ラフプレー
ヴィクトリー座,84,牛島誠次,ラフプレー
ヴィクトリー座,85,伊戸博恭,必殺
ヴィクトリー座,86,甲手則光,カウンター
ヴィクトリー座,87,霧木宗翠,必殺
ヴィクトリー座,88,菅方梅真,正義
ヴィクトリー座,89,真壁白,キズナ
ヴィクトリー座,90,高箸是清,正義
ヴィクトリー座,91,板垣統吾郎,正義
ヴィクトリー座,92,和気野清磨,カウンター
ヴィクトリー座,93,井野口英幸,ラフプレー
ヴィクトリー座,94,数多清人,必殺
ヴィクトリー座,95,森戸安光,必殺
ヴィクトリー座,96,寒河江琥吉,カウンター
ヴィクトリー座,97,小堂阿奈,テンション
ヴィクトリー座,98,松香本道,カウンター
ヴィクトリー座,99,丸間露万,テンション
ヴィクトリー座,100,蕗田豊治,正義
ヴィクトリー座,101,並原夜菜,カウンター
ヴィクトリー座,102,ジョセフィーヌ,必殺
ヴィクトリー座,103,岩城真樹,必殺
ヴィクトリー座,104,小沢右近,キズナ
ヴィクトリー座,105,千乃妃花,カウンター
ヴィクトリー座,106,喜谷八雲,正義
ＵＦＯ座,1,ブボ・トランガス,ラフプレー
ＵＦＯ座,2,デスタ,テンション
ＵＦＯ座,3,クオル,テンション
ＵＦＯ座,4,セイ・サーボ,正義
ＵＦＯ座,5,メキウス,カウンター
ＵＦＯ座,6,色有児,ラフプレー
ＵＦＯ座,7,満田尊徳,正義
ＵＦＯ座,8,倉士部麗一,ラフプレー
ＵＦＯ座,9,古西茂,必殺
ＵＦＯ座,10,朝井野才次,正義
ＵＦＯ座,11,紗安夜行,必殺
ＵＦＯ座,12,幽谷博之,ラフプレー
ＵＦＯ座,13,藤府延,テンション
ＵＦＯ座,14,ゲボ・トランガス,カウンター
ＵＦＯ座,15,友衛法子,キズナ
ＵＦＯ座,16,セイン,正義
ＵＦＯ座,17,亜登呂未良,キズナ
ＵＦＯ座,18,引田断由紀,カウンター
ＵＦＯ座,19,火板蛍子,必殺
ＵＦＯ座,20,ネイラ,ラフプレー
ＵＦＯ座,21,メダム,キズナ
ＵＦＯ座,22,オルカ,キズナ
ＵＦＯ座,23,ウォード,カウンター
ＵＦＯ座,24,ドリム,キズナ
ＵＦＯ座,25,コラル,キズナ
ＵＦＯ座,26,ミネーネ,カウンター
ＵＦＯ座,27,アルファ,カウンター
ＵＦＯ座,28,エイナム,必殺
ＵＦＯ座,29,ガリング,ラフプレー
ＵＦＯ座,30,レイザ,必殺
ＵＦＯ座,31,ハムス,必殺
ＵＦＯ座,32,マ・ドネル,正義
ＵＦＯ座,33,ダーナ,ラフプレー
ＵＦＯ座,34,グラ・フォム,キズナ
ＵＦＯ座,35,ブル・レクス,必殺
ＵＦＯ座,36,ザラ・クス,キズナ
ＵＦＯ座,37,ア・シモフ,ラフプレー
ＵＦＯ座,38,兵馬俑ノ七,テンション
ＵＦＯ座,39,兵馬俑ノ拾,正義
ＵＦＯ座,40,兵馬俑ノ六,正義
ＵＦＯ座,41,兵馬俑ノ四,ラフプレー
ＵＦＯ座,42,兵馬俑ノ拾,必殺
ＵＦＯ座,43,兵馬俑ノ弐,ラフプレー
ＵＦＯ座,44,兵馬俑ノ参,テンション
ＵＦＯ座,45,イル・メル,必殺
ＵＦＯ座,46,兵馬俑ノ九,テンション
ＵＦＯ座,47,兵馬俑ノ拾,正義
ＵＦＯ座,48,兵馬俑ノ拾,必殺
ＵＦＯ座,49,クラーク・ワンダバット,必殺
ＵＦＯ座,50,宝水院忠則,キズナ
